Src NE Name,Sink NE Name
CSG-E00001,CSG-E00002
CSG-E00002,CSG-E00003
CSG-E00003,CSG-E00004
CSG-E00004,CSG-E00005
CSG-E00005,CSG-E00006
CSG-E00006,CSG-E00007
CSG-E00007,CSG-E00008
CSG-E00008,CSG-E00009
CSG-E00009,CSG-E00010
CSG-E00010,CSG-E00011
CSG-E00011,CSG-E00012
CSG-E00012,CSG-E00013
CSG-E00013,CSG-E00014
CSG-E00014,CSG-E00015
CSG-E00015,CSG-E00016
ASG-096,CSG-E00001
ASG-024,CSG-E00016
CSG-E00017,CSG-E00018
CSG-E00018,CSG-E00019
CSG-E00019,CSG-E00020
CSG-E00020,CSG-E00021
CSG-E00021,CSG-E00022
CSG-E00022,CSG-E00023
CSG-E00023,CSG-E00024
CSG-E00024,CSG-E00025
CSG-E00025,CSG-E00026
CSG-E00026,CSG-E00027
CSG-E00027,CSG-E00028
CSG-E00028,CSG-E00029
CSG-E00029,CSG-E00030
CSG-E00030,CSG-E00031
CSG-E00031,CSG-E00032
ASG-116,CSG-E00017
ASG-022,CSG-E00032
CSG-E00033,CSG-E00034
CSG-E00034,CSG-E00035
CSG-E00035,CSG-E00036
CSG-E00036,CSG-E00037
CSG-E00037,CSG-E00038
ASG-087,CSG-E00033
ASG-019,CSG-E00038
CSG-E00039,CSG-E00040
CSG-E00040,CSG-E00041
CSG-E00041,CSG-E00042
CSG-E00042,CSG-E00043
CSG-E00043,CSG-E00044
CSG-E00044,CSG-E00045
ASG-116,CSG-E00039
ASG-116,CSG-E00045
CSG-E00046,CSG-E00047
CSG-E00047,CSG-E00048
CSG-E00048,CSG-E00049
CSG-E00049,CSG-E00050
CSG-E00050,CSG-E00051
CSG-E00051,CSG-E00052
ASG-051,CSG-E00046
ASG-071,CSG-E00052
CSG-E00053,CSG-E00054
CSG-E00054,CSG-E00055
CSG-E00055,CSG-E00056
CSG-E00056,CSG-E00057
CSG-E00057,CSG-E00058
CSG-E00058,CSG-E00059
CSG-E00059,CSG-E00060
CSG-E00060,CSG-E00061
CSG-E00061,CSG-E00062
CSG-E00062,CSG-E00063
CSG-E00063,CSG-E00064
CSG-E00064,CSG-E00065
CSG-E00065,CSG-E00066
CSG-E00066,CSG-E00067
CSG-E00067,CSG-E00068
ASG-062,CSG-E00053
ASG-112,CSG-E00068
CSG-E00069,CSG-E00070
CSG-E00070,CSG-E00071
CSG-E00071,CSG-E00072
CSG-E00072,CSG-E00073
CSG-E00073,CSG-E00074
ASG-019,CSG-E00069
ASG-013,CSG-E00074
CSG-E00075,CSG-E00076
CSG-E00076,CSG-E00077
CSG-E00077,CSG-E00078
CSG-E00078,CSG-E00079
CSG-E00079,CSG-E00080
CSG-E00080,CSG-E00081
CSG-E00081,CSG-E00082
ASG-055,CSG-E00075
ASG-060,CSG-E00082
CSG-E00083,CSG-E00084
CSG-E00084,CSG-E00085
CSG-E00085,CSG-E00086
CSG-E00086,CSG-E00087
CSG-E00087,CSG-E00088
CSG-E00088,CSG-E00089
CSG-E00089,CSG-E00090
CSG-E00090,CSG-E00091
CSG-E00091,CSG-E00092
CSG-E00092,CSG-E00093
CSG-E00093,CSG-E00094
ASG-009,CSG-E00083
ASG-009,CSG-E00094
CSG-E00095,CSG-E00096
CSG-E00096,CSG-E00097
CSG-E00097,CSG-E00098
CSG-E00098,CSG-E00099
CSG-E00099,CSG-E00100
CSG-E00100,CSG-E00101
CSG-E00101,CSG-E00102
CSG-E00102,CSG-E00103
CSG-E00103,CSG-E00104
CSG-E00104,CSG-E00105
CSG-E00105,CSG-E00106
CSG-E00106,CSG-E00107
CSG-E00107,CSG-E00108
CSG-E00108,CSG-E00109
CSG-E00109,CSG-E00110
ASG-054,CSG-E00095
ASG-023,CSG-E00110
CSG-E00111,CSG-E00112
CSG-E00112,CSG-E00113
CSG-E00113,CSG-E00114
CSG-E00114,CSG-E00115
CSG-E00115,CSG-E00116
CSG-E00116,CSG-E00117
CSG-E00117,CSG-E00118
CSG-E00118,CSG-E00119
CSG-E00119,CSG-E00120
CSG-E00120,CSG-E00121
CSG-E00121,CSG-E00122
ASG-043,CSG-E00111
ASG-059,CSG-E00122
CSG-E00123,CSG-E00124
CSG-E00124,CSG-E00125
CSG-E00125,CSG-E00126
CSG-E00126,CSG-E00127
CSG-E00127,CSG-E00128
CSG-E00128,CSG-E00129
CSG-E00129,CSG-E00130
CSG-E00130,CSG-E00131
CSG-E00131,CSG-E00132
CSG-E00132,CSG-E00133
CSG-E00133,CSG-E00134
CSG-E00134,CSG-E00135
CSG-E00135,CSG-E00136
CSG-E00136,CSG-E00137
ASG-063,CSG-E00123
ASG-063,CSG-E00137
CSG-E00138,CSG-E00139
CSG-E00139,CSG-E00140
CSG-E00140,CSG-E00141
CSG-E00141,CSG-E00142
CSG-E00142,CSG-E00143
CSG-E00143,CSG-E00144
CSG-E00144,CSG-E00145
CSG-E00145,CSG-E00146
CSG-E00146,CSG-E00147
CSG-E00147,CSG-E00148
CSG-E00148,CSG-E00149
CSG-E00149,CSG-E00150
CSG-E00150,CSG-E00151
ASG-054,CSG-E00138
ASG-023,CSG-E00151
CSG-E00152,CSG-E00153
CSG-E00153,CSG-E00154
CSG-E00154,CSG-E00155
CSG-E00155,CSG-E00156
CSG-E00156,CSG-E00157
CSG-E00157,CSG-E00158
CSG-E00158,CSG-E00159
CSG-E00159,CSG-E00160
CSG-E00160,CSG-E00161
CSG-E00161,CSG-E00162
CSG-E00162,CSG-E00163
CSG-E00163,CSG-E00164
CSG-E00164,CSG-E00165
ASG-101,CSG-E00152
ASG-113,CSG-E00165
CSG-E00166,CSG-E00167
CSG-E00167,CSG-E00168
CSG-E00168,CSG-E00169
CSG-E00169,CSG-E00170
CSG-E00170,CSG-E00171
CSG-E00171,CSG-E00172
CSG-E00172,CSG-E00173
CSG-E00173,CSG-E00174
CSG-E00174,CSG-E00175
ASG-087,CSG-E00166
ASG-019,CSG-E00175
CSG-E00176,CSG-E00177
CSG-E00177,CSG-E00178
CSG-E00178,CSG-E00179
CSG-E00179,CSG-E00180
CSG-E00180,CSG-E00181
CSG-E00181,CSG-E00182
CSG-E00182,CSG-E00183
CSG-E00183,CSG-E00184
CSG-E00184,CSG-E00185
CSG-E00185,CSG-E00186
CSG-E00186,CSG-E00187
CSG-E00187,CSG-E00188
CSG-E00188,CSG-E00189
CSG-E00189,CSG-E00190
CSG-E00190,CSG-E00191
ASG-120,CSG-E00176
ASG-120,CSG-E00191
CSG-E00192,CSG-E00193
CSG-E00193,CSG-E00194
CSG-E00194,CSG-E00195
CSG-E00195,CSG-E00196
CSG-E00196,CSG-E00197
CSG-E00197,CSG-E00198
CSG-E00198,CSG-E00199
CSG-E00199,CSG-E00200
CSG-E00200,CSG-E00201
CSG-E00201,CSG-E00202
CSG-E00202,CSG-E00203
CSG-E00203,CSG-E00204
CSG-E00204,CSG-E00205
CSG-E00205,CSG-E00206
ASG-056,CSG-E00192
ASG-056,CSG-E00206
CSG-E00207,CSG-E00208
CSG-E00208,CSG-E00209
CSG-E00209,CSG-E00210
CSG-E00210,CSG-E00211
CSG-E00211,CSG-E00212
ASG-078,CSG-E00207
ASG-078,CSG-E00212
CSG-E00213,CSG-E00214
CSG-E00214,CSG-E00215
CSG-E00215,CSG-E00216
CSG-E00216,CSG-E00217
CSG-E00217,CSG-E00218
CSG-E00218,CSG-E00219
CSG-E00219,CSG-E00220
CSG-E00220,CSG-E00221
CSG-E00221,CSG-E00222
CSG-E00222,CSG-E00223
CSG-E00223,CSG-E00224
CSG-E00224,CSG-E00225
CSG-E00225,CSG-E00226
CSG-E00226,CSG-E00227
ASG-001,CSG-E00213
ASG-066,CSG-E00227
CSG-E00228,CSG-E00229
CSG-E00229,CSG-E00230
CSG-E00230,CSG-E00231
CSG-E00231,CSG-E00232
CSG-E00232,CSG-E00233
CSG-E00233,CSG-E00234
CSG-E00234,CSG-E00235
CSG-E00235,CSG-E00236
ASG-014,CSG-E00228
ASG-086,CSG-E00236
CSG-E00237,CSG-E00238
CSG-E00238,CSG-E00239
CSG-E00239,CSG-E00240
CSG-E00240,CSG-E00241
CSG-E00241,CSG-E00242
CSG-E00242,CSG-E00243
CSG-E00243,CSG-E00244
CSG-E00244,CSG-E00245
CSG-E00245,CSG-E00246
ASG-008,CSG-E00237
ASG-001,CSG-E00246
CSG-E00247,CSG-E00248
CSG-E00248,CSG-E00249
CSG-E00249,CSG-E00250
CSG-E00250,CSG-E00251
CSG-E00251,CSG-E00252
CSG-E00252,CSG-E00253
CSG-E00253,CSG-E00254
CSG-E00254,CSG-E00255
CSG-E00255,CSG-E00256
CSG-E00256,CSG-E00257
CSG-E00257,CSG-E00258
CSG-E00258,CSG-E00259
CSG-E00259,CSG-E00260
CSG-E00260,CSG-E00261
ASG-042,CSG-E00247
ASG-042,CSG-E00261
CSG-E00262,CSG-E00263
CSG-E00263,CSG-E00264
CSG-E00264,CSG-E00265
CSG-E00265,CSG-E00266
CSG-E00266,CSG-E00267
CSG-E00267,CSG-E00268
CSG-E00268,CSG-E00269
CSG-E00269,CSG-E00270
CSG-E00270,CSG-E00271
CSG-E00271,CSG-E00272
CSG-E00272,CSG-E00273
CSG-E00273,CSG-E00274
CSG-E00274,CSG-E00275
ASG-031,CSG-E00262
ASG-036,CSG-E00275
CSG-E00276,CSG-E00277
CSG-E00277,CSG-E00278
CSG-E00278,CSG-E00279
CSG-E00279,CSG-E00280
CSG-E00280,CSG-E00281
CSG-E00281,CSG-E00282
ASG-103,CSG-E00276
ASG-016,CSG-E00282
CSG-E00283,CSG-E00284
CSG-E00284,CSG-E00285
CSG-E00285,CSG-E00286
CSG-E00286,CSG-E00287
CSG-E00287,CSG-E00288
CSG-E00288,CSG-E00289
CSG-E00289,CSG-E00290
CSG-E00290,CSG-E00291
CSG-E00291,CSG-E00292
CSG-E00292,CSG-E00293
ASG-033,CSG-E00283
ASG-006,CSG-E00293
CSG-E00294,CSG-E00295
CSG-E00295,CSG-E00296
CSG-E00296,CSG-E00297
CSG-E00297,CSG-E00298
CSG-E00298,CSG-E00299
ASG-073,CSG-E00294
ASG-073,CSG-E00299
CSG-E00300,CSG-E00301
CSG-E00301,CSG-E00302
CSG-E00302,CSG-E00303
CSG-E00303,CSG-E00304
CSG-E00304,CSG-E00305
ASG-060,CSG-E00300
ASG-055,CSG-E00305
CSG-E00306,CSG-E00307
CSG-E00307,CSG-E00308
CSG-E00308,CSG-E00309
CSG-E00309,CSG-E00310
CSG-E00310,CSG-E00311
CSG-E00311,CSG-E00312
CSG-E00312,CSG-E00313
CSG-E00313,CSG-E00314
CSG-E00314,CSG-E00315
CSG-E00315,CSG-E00316
CSG-E00316,CSG-E00317
CSG-E00317,CSG-E00318
CSG-E00318,CSG-E00319
ASG-089,CSG-E00306
ASG-010,CSG-E00319
CSG-E00320,CSG-E00321
CSG-E00321,CSG-E00322
CSG-E00322,CSG-E00323
CSG-E00323,CSG-E00324
CSG-E00324,CSG-E00325
CSG-E00325,CSG-E00326
CSG-E00326,CSG-E00327
CSG-E00327,CSG-E00328
CSG-E00328,CSG-E00329
CSG-E00329,CSG-E00330
CSG-E00330,CSG-E00331
CSG-E00331,CSG-E00332
ASG-081,CSG-E00320
ASG-081,CSG-E00332
CSG-E00333,CSG-E00334
CSG-E00334,CSG-E00335
CSG-E00335,CSG-E00336
CSG-E00336,CSG-E00337
CSG-E00337,CSG-E00338
ASG-023,CSG-E00333
ASG-023,CSG-E00338
CSG-E00339,CSG-E00340
CSG-E00340,CSG-E00341
CSG-E00341,CSG-E00342
CSG-E00342,CSG-E00343
CSG-E00343,CSG-E00344
CSG-E00344,CSG-E00345
CSG-E00345,CSG-E00346
CSG-E00346,CSG-E00347
CSG-E00347,CSG-E00348
CSG-E00348,CSG-E00349
CSG-E00349,CSG-E00350
CSG-E00350,CSG-E00351
CSG-E00351,CSG-E00352
CSG-E00352,CSG-E00353
CSG-E00353,CSG-E00354
ASG-087,CSG-E00339
ASG-073,CSG-E00354
CSG-E00355,CSG-E00356
CSG-E00356,CSG-E00357
CSG-E00357,CSG-E00358
CSG-E00358,CSG-E00359
CSG-E00359,CSG-E00360
CSG-E00360,CSG-E00361
CSG-E00361,CSG-E00362
CSG-E00362,CSG-E00363
CSG-E00363,CSG-E00364
CSG-E00364,CSG-E00365
ASG-050,CSG-E00355
ASG-050,CSG-E00365
CSG-E00366,CSG-E00367
CSG-E00367,CSG-E00368
CSG-E00368,CSG-E00369
CSG-E00369,CSG-E00370
CSG-E00370,CSG-E00371
CSG-E00371,CSG-E00372
CSG-E00372,CSG-E00373
CSG-E00373,CSG-E00374
CSG-E00374,CSG-E00375
ASG-076,CSG-E00366
ASG-076,CSG-E00375
CSG-E00376,CSG-E00377
CSG-E00377,CSG-E00378
CSG-E00378,CSG-E00379
CSG-E00379,CSG-E00380
CSG-E00380,CSG-E00381
CSG-E00381,CSG-E00382
CSG-E00382,CSG-E00383
ASG-088,CSG-E00376
ASG-088,CSG-E00383
CSG-E00384,CSG-E00385
CSG-E00385,CSG-E00386
CSG-E00386,CSG-E00387
CSG-E00387,CSG-E00388
CSG-E00388,CSG-E00389
CSG-E00389,CSG-E00390
CSG-E00390,CSG-E00391
CSG-E00391,CSG-E00392
CSG-E00392,CSG-E00393
CSG-E00393,CSG-E00394
ASG-081,CSG-E00384
ASG-081,CSG-E00394
CSG-E00395,CSG-E00396
CSG-E00396,CSG-E00397
CSG-E00397,CSG-E00398
CSG-E00398,CSG-E00399
CSG-E00399,CSG-E00400
CSG-E00400,CSG-E00401
CSG-E00401,CSG-E00402
CSG-E00402,CSG-E00403
CSG-E00403,CSG-E00404
CSG-E00404,CSG-E00405
ASG-049,CSG-E00395
ASG-084,CSG-E00405
CSG-E00406,CSG-E00407
CSG-E00407,CSG-E00408
CSG-E00408,CSG-E00409
CSG-E00409,CSG-E00410
CSG-E00410,CSG-E00411
CSG-E00411,CSG-E00412
CSG-E00412,CSG-E00413
ASG-047,CSG-E00406
ASG-103,CSG-E00413
CSG-E00414,CSG-E00415
CSG-E00415,CSG-E00416
CSG-E00416,CSG-E00417
CSG-E00417,CSG-E00418
CSG-E00418,CSG-E00419
CSG-E00419,CSG-E00420
CSG-E00420,CSG-E00421
CSG-E00421,CSG-E00422
CSG-E00422,CSG-E00423
CSG-E00423,CSG-E00424
CSG-E00424,CSG-E00425
CSG-E00425,CSG-E00426
CSG-E00426,CSG-E00427
CSG-E00427,CSG-E00428
CSG-E00428,CSG-E00429
ASG-005,CSG-E00414
ASG-005,CSG-E00429
CSG-E00430,CSG-E00431
CSG-E00431,CSG-E00432
CSG-E00432,CSG-E00433
CSG-E00433,CSG-E00434
CSG-E00434,CSG-E00435
CSG-E00435,CSG-E00436
CSG-E00436,CSG-E00437
CSG-E00437,CSG-E00438
CSG-E00438,CSG-E00439
CSG-E00439,CSG-E00440
ASG-009,CSG-E00430
ASG-009,CSG-E00440
CSG-E00441,CSG-E00442
CSG-E00442,CSG-E00443
CSG-E00443,CSG-E00444
CSG-E00444,CSG-E00445
CSG-E00445,CSG-E00446
CSG-E00446,CSG-E00447
CSG-E00447,CSG-E00448
ASG-100,CSG-E00441
ASG-100,CSG-E00448
CSG-E00449,CSG-E00450
CSG-E00450,CSG-E00451
CSG-E00451,CSG-E00452
CSG-E00452,CSG-E00453
CSG-E00453,CSG-E00454
CSG-E00454,CSG-E00455
CSG-E00455,CSG-E00456
CSG-E00456,CSG-E00457
ASG-078,CSG-E00449
ASG-078,CSG-E00457
CSG-E00458,CSG-E00459
CSG-E00459,CSG-E00460
CSG-E00460,CSG-E00461
CSG-E00461,CSG-E00462
CSG-E00462,CSG-E00463
CSG-E00463,CSG-E00464
CSG-E00464,CSG-E00465
CSG-E00465,CSG-E00466
CSG-E00466,CSG-E00467
CSG-E00467,CSG-E00468
CSG-E00468,CSG-E00469
CSG-E00469,CSG-E00470
CSG-E00470,CSG-E00471
CSG-E00471,CSG-E00472
CSG-E00472,CSG-E00473
ASG-034,CSG-E00458
ASG-034,CSG-E00473
CSG-E00474,CSG-E00475
CSG-E00475,CSG-E00476
CSG-E00476,CSG-E00477
CSG-E00477,CSG-E00478
CSG-E00478,CSG-E00479
ASG-037,CSG-E00474
ASG-037,CSG-E00479
CSG-E00480,CSG-E00481
CSG-E00481,CSG-E00482
CSG-E00482,CSG-E00483
CSG-E00483,CSG-E00484
CSG-E00484,CSG-E00485
CSG-E00485,CSG-E00486
CSG-E00486,CSG-E00487
CSG-E00487,CSG-E00488
CSG-E00488,CSG-E00489
CSG-E00489,CSG-E00490
CSG-E00490,CSG-E00491
CSG-E00491,CSG-E00492
CSG-E00492,CSG-E00493
CSG-E00493,CSG-E00494
CSG-E00494,CSG-E00495
ASG-110,CSG-E00480
ASG-028,CSG-E00495
CSG-E00496,CSG-E00497
CSG-E00497,CSG-E00498
CSG-E00498,CSG-E00499
CSG-E00499,CSG-E00500
CSG-E00500,CSG-E00501
CSG-E00501,CSG-E00502
CSG-E00502,CSG-E00503
CSG-E00503,CSG-E00504
CSG-E00504,CSG-E00505
CSG-E00505,CSG-E00506
CSG-E00506,CSG-E00507
ASG-054,CSG-E00496
ASG-023,CSG-E00507
CSG-E00508,CSG-E00509
CSG-E00509,CSG-E00510
CSG-E00510,CSG-E00511
CSG-E00511,CSG-E00512
CSG-E00512,CSG-E00513
CSG-E00513,CSG-E00514
CSG-E00514,CSG-E00515
ASG-035,CSG-E00508
ASG-014,CSG-E00515
CSG-E00516,CSG-E00517
CSG-E00517,CSG-E00518
CSG-E00518,CSG-E00519
CSG-E00519,CSG-E00520
CSG-E00520,CSG-E00521
CSG-E00521,CSG-E00522
ASG-114,CSG-E00516
ASG-114,CSG-E00522
CSG-E00523,CSG-E00524
CSG-E00524,CSG-E00525
CSG-E00525,CSG-E00526
CSG-E00526,CSG-E00527
CSG-E00527,CSG-E00528
CSG-E00528,CSG-E00529
ASG-070,CSG-E00523
ASG-087,CSG-E00529
CSG-E00530,CSG-E00531
CSG-E00531,CSG-E00532
CSG-E00532,CSG-E00533
CSG-E00533,CSG-E00534
CSG-E00534,CSG-E00535
CSG-E00535,CSG-E00536
CSG-E00536,CSG-E00537
CSG-E00537,CSG-E00538
CSG-E00538,CSG-E00539
CSG-E00539,CSG-E00540
ASG-036,CSG-E00530
ASG-031,CSG-E00540
CSG-E00541,CSG-E00542
CSG-E00542,CSG-E00543
CSG-E00543,CSG-E00544
CSG-E00544,CSG-E00545
CSG-E00545,CSG-E00546
CSG-E00546,CSG-E00547
ASG-040,CSG-E00541
ASG-040,CSG-E00547
CSG-E00548,CSG-E00549
CSG-E00549,CSG-E00550
CSG-E00550,CSG-E00551
CSG-E00551,CSG-E00552
CSG-E00552,CSG-E00553
CSG-E00553,CSG-E00554
CSG-E00554,CSG-E00555
CSG-E00555,CSG-E00556
CSG-E00556,CSG-E00557
CSG-E00557,CSG-E00558
CSG-E00558,CSG-E00559
CSG-E00559,CSG-E00560
CSG-E00560,CSG-E00561
CSG-E00561,CSG-E00562
ASG-033,CSG-E00548
ASG-068,CSG-E00562
CSG-E00563,CSG-E00564
CSG-E00564,CSG-E00565
CSG-E00565,CSG-E00566
CSG-E00566,CSG-E00567
CSG-E00567,CSG-E00568
CSG-E00568,CSG-E00569
CSG-E00569,CSG-E00570
CSG-E00570,CSG-E00571
CSG-E00571,CSG-E00572
CSG-E00572,CSG-E00573
CSG-E00573,CSG-E00574
CSG-E00574,CSG-E00575
CSG-E00575,CSG-E00576
CSG-E00576,CSG-E00577
CSG-E00577,CSG-E00578
ASG-084,CSG-E00563
ASG-014,CSG-E00578
CSG-E00579,CSG-E00580
CSG-E00580,CSG-E00581
CSG-E00581,CSG-E00582
CSG-E00582,CSG-E00583
CSG-E00583,CSG-E00584
CSG-E00584,CSG-E00585
CSG-E00585,CSG-E00586
CSG-E00586,CSG-E00587
CSG-E00587,CSG-E00588
ASG-035,CSG-E00579
ASG-014,CSG-E00588
CSG-E00589,CSG-E00590
CSG-E00590,CSG-E00591
CSG-E00591,CSG-E00592
CSG-E00592,CSG-E00593
CSG-E00593,CSG-E00594
CSG-E00594,CSG-E00595
CSG-E00595,CSG-E00596
CSG-E00596,CSG-E00597
CSG-E00597,CSG-E00598
CSG-E00598,CSG-E00599
CSG-E00599,CSG-E00600
CSG-E00600,CSG-E00601
CSG-E00601,CSG-E00602
CSG-E00602,CSG-E00603
ASG-101,CSG-E00589
ASG-113,CSG-E00603
CSG-E00604,CSG-E00605
CSG-E00605,CSG-E00606
CSG-E00606,CSG-E00607
CSG-E00607,CSG-E00608
CSG-E00608,CSG-E00609
CSG-E00609,CSG-E00610
CSG-E00610,CSG-E00611
CSG-E00611,CSG-E00612
CSG-E00612,CSG-E00613
CSG-E00613,CSG-E00614
CSG-E00614,CSG-E00615
ASG-112,CSG-E00604
ASG-112,CSG-E00615
CSG-E00616,CSG-E00617
CSG-E00617,CSG-E00618
CSG-E00618,CSG-E00619
CSG-E00619,CSG-E00620
CSG-E00620,CSG-E00621
CSG-E00621,CSG-E00622
CSG-E00622,CSG-E00623
CSG-E00623,CSG-E00624
CSG-E00624,CSG-E00625
CSG-E00625,CSG-E00626
CSG-E00626,CSG-E00627
ASG-011,CSG-E00616
ASG-030,CSG-E00627
CSG-E00628,CSG-E00629
CSG-E00629,CSG-E00630
CSG-E00630,CSG-E00631
CSG-E00631,CSG-E00632
CSG-E00632,CSG-E00633
CSG-E00633,CSG-E00634
CSG-E00634,CSG-E00635
CSG-E00635,CSG-E00636
CSG-E00636,CSG-E00637
ASG-053,CSG-E00628
ASG-033,CSG-E00637
CSG-E00638,CSG-E00639
CSG-E00639,CSG-E00640
CSG-E00640,CSG-E00641
CSG-E00641,CSG-E00642
CSG-E00642,CSG-E00643
CSG-E00643,CSG-E00644
CSG-E00644,CSG-E00645
CSG-E00645,CSG-E00646
CSG-E00646,CSG-E00647
CSG-E00647,CSG-E00648
CSG-E00648,CSG-E00649
CSG-E00649,CSG-E00650
ASG-061,CSG-E00638
ASG-052,CSG-E00650
CSG-E00651,CSG-E00652
CSG-E00652,CSG-E00653
CSG-E00653,CSG-E00654
CSG-E00654,CSG-E00655
CSG-E00655,CSG-E00656
ASG-010,CSG-E00651
ASG-089,CSG-E00656
CSG-E00657,CSG-E00658
CSG-E00658,CSG-E00659
CSG-E00659,CSG-E00660
CSG-E00660,CSG-E00661
CSG-E00661,CSG-E00662
CSG-E00662,CSG-E00663
ASG-081,CSG-E00657
ASG-081,CSG-E00663
CSG-E00664,CSG-E00665
CSG-E00665,CSG-E00666
CSG-E00666,CSG-E00667
CSG-E00667,CSG-E00668
CSG-E00668,CSG-E00669
CSG-E00669,CSG-E00670
CSG-E00670,CSG-E00671
CSG-E00671,CSG-E00672
CSG-E00672,CSG-E00673
CSG-E00673,CSG-E00674
ASG-061,CSG-E00664
ASG-061,CSG-E00674
CSG-E00675,CSG-E00676
CSG-E00676,CSG-E00677
CSG-E00677,CSG-E00678
CSG-E00678,CSG-E00679
CSG-E00679,CSG-E00680
CSG-E00680,CSG-E00681
ASG-070,CSG-E00675
ASG-070,CSG-E00681
CSG-E00682,CSG-E00683
CSG-E00683,CSG-E00684
CSG-E00684,CSG-E00685
CSG-E00685,CSG-E00686
CSG-E00686,CSG-E00687
CSG-E00687,CSG-E00688
CSG-E00688,CSG-E00689
CSG-E00689,CSG-E00690
CSG-E00690,CSG-E00691
ASG-024,CSG-E00682
ASG-047,CSG-E00691
CSG-E00692,CSG-E00693
CSG-E00693,CSG-E00694
CSG-E00694,CSG-E00695
CSG-E00695,CSG-E00696
CSG-E00696,CSG-E00697
CSG-E00697,CSG-E00698
CSG-E00698,CSG-E00699
CSG-E00699,CSG-E00700
CSG-E00700,CSG-E00701
CSG-E00701,CSG-E00702
CSG-E00702,CSG-E00703
CSG-E00703,CSG-E00704
CSG-E00704,CSG-E00705
CSG-E00705,CSG-E00706
ASG-063,CSG-E00692
ASG-063,CSG-E00706
CSG-E00707,CSG-E00708
CSG-E00708,CSG-E00709
CSG-E00709,CSG-E00710
CSG-E00710,CSG-E00711
CSG-E00711,CSG-E00712
CSG-E00712,CSG-E00713
CSG-E00713,CSG-E00714
CSG-E00714,CSG-E00715
CSG-E00715,CSG-E00716
CSG-E00716,CSG-E00717
CSG-E00717,CSG-E00718
CSG-E00718,CSG-E00719
ASG-016,CSG-E00707
ASG-056,CSG-E00719
CSG-E00720,CSG-E00721
CSG-E00721,CSG-E00722
CSG-E00722,CSG-E00723
CSG-E00723,CSG-E00724
CSG-E00724,CSG-E00725
CSG-E00725,CSG-E00726
CSG-E00726,CSG-E00727
CSG-E00727,CSG-E00728
CSG-E00728,CSG-E00729
CSG-E00729,CSG-E00730
CSG-E00730,CSG-E00731
CSG-E00731,CSG-E00732
CSG-E00732,CSG-E00733
ASG-069,CSG-E00720
ASG-059,CSG-E00733
CSG-E00734,CSG-E00735
CSG-E00735,CSG-E00736
CSG-E00736,CSG-E00737
CSG-E00737,CSG-E00738
CSG-E00738,CSG-E00739
CSG-E00739,CSG-E00740
CSG-E00740,CSG-E00741
CSG-E00741,CSG-E00742
CSG-E00742,CSG-E00743
CSG-E00743,CSG-E00744
CSG-E00744,CSG-E00745
ASG-080,CSG-E00734
ASG-080,CSG-E00745
CSG-E00746,CSG-E00747
CSG-E00747,CSG-E00748
CSG-E00748,CSG-E00749
CSG-E00749,CSG-E00750
CSG-E00750,CSG-E00751
CSG-E00751,CSG-E00752
CSG-E00752,CSG-E00753
CSG-E00753,CSG-E00754
CSG-E00754,CSG-E00755
ASG-020,CSG-E00746
ASG-021,CSG-E00755
CSG-E00756,CSG-E00757
CSG-E00757,CSG-E00758
CSG-E00758,CSG-E00759
CSG-E00759,CSG-E00760
CSG-E00760,CSG-E00761
CSG-E00761,CSG-E00762
CSG-E00762,CSG-E00763
CSG-E00763,CSG-E00764
CSG-E00764,CSG-E00765
CSG-E00765,CSG-E00766
CSG-E00766,CSG-E00767
ASG-089,CSG-E00756
ASG-089,CSG-E00767
CSG-E00768,CSG-E00769
CSG-E00769,CSG-E00770
CSG-E00770,CSG-E00771
CSG-E00771,CSG-E00772
CSG-E00772,CSG-E00773
CSG-E00773,CSG-E00774
CSG-E00774,CSG-E00775
CSG-E00775,CSG-E00776
CSG-E00776,CSG-E00777
CSG-E00777,CSG-E00778
CSG-E00778,CSG-E00779
CSG-E00779,CSG-E00780
ASG-094,CSG-E00768
ASG-109,CSG-E00780
CSG-E00781,CSG-E00782
CSG-E00782,CSG-E00783
CSG-E00783,CSG-E00784
CSG-E00784,CSG-E00785
CSG-E00785,CSG-E00786
CSG-E00786,CSG-E00787
CSG-E00787,CSG-E00788
ASG-034,CSG-E00781
ASG-082,CSG-E00788
CSG-E00789,CSG-E00790
CSG-E00790,CSG-E00791
CSG-E00791,CSG-E00792
CSG-E00792,CSG-E00793
CSG-E00793,CSG-E00794
CSG-E00794,CSG-E00795
CSG-E00795,CSG-E00796
CSG-E00796,CSG-E00797
CSG-E00797,CSG-E00798
CSG-E00798,CSG-E00799
CSG-E00799,CSG-E00800
CSG-E00800,CSG-E00801
ASG-100,CSG-E00789
ASG-042,CSG-E00801
CSG-E00802,CSG-E00803
CSG-E00803,CSG-E00804
CSG-E00804,CSG-E00805
CSG-E00805,CSG-E00806
CSG-E00806,CSG-E00807
CSG-E00807,CSG-E00808
CSG-E00808,CSG-E00809
CSG-E00809,CSG-E00810
ASG-085,CSG-E00802
ASG-040,CSG-E00810
CSG-E00811,CSG-E00812
CSG-E00812,CSG-E00813
CSG-E00813,CSG-E00814
CSG-E00814,CSG-E00815
CSG-E00815,CSG-E00816
ASG-086,CSG-E00811
ASG-086,CSG-E00816
CSG-E00817,CSG-E00818
CSG-E00818,CSG-E00819
CSG-E00819,CSG-E00820
CSG-E00820,CSG-E00821
CSG-E00821,CSG-E00822
CSG-E00822,CSG-E00823
CSG-E00823,CSG-E00824
CSG-E00824,CSG-E00825
CSG-E00825,CSG-E00826
CSG-E00826,CSG-E00827
CSG-E00827,CSG-E00828
CSG-E00828,CSG-E00829
CSG-E00829,CSG-E00830
CSG-E00830,CSG-E00831
ASG-081,CSG-E00817
ASG-088,CSG-E00831
CSG-E00832,CSG-E00833
CSG-E00833,CSG-E00834
CSG-E00834,CSG-E00835
CSG-E00835,CSG-E00836
CSG-E00836,CSG-E00837
CSG-E00837,CSG-E00838
CSG-E00838,CSG-E00839
CSG-E00839,CSG-E00840
CSG-E00840,CSG-E00841
CSG-E00841,CSG-E00842
CSG-E00842,CSG-E00843
CSG-E00843,CSG-E00844
CSG-E00844,CSG-E00845
CSG-E00845,CSG-E00846
CSG-E00846,CSG-E00847
ASG-111,CSG-E00832
ASG-115,CSG-E00847
CSG-E00848,CSG-E00849
CSG-E00849,CSG-E00850
CSG-E00850,CSG-E00851
CSG-E00851,CSG-E00852
CSG-E00852,CSG-E00853
CSG-E00853,CSG-E00854
CSG-E00854,CSG-E00855
CSG-E00855,CSG-E00856
CSG-E00856,CSG-E00857
CSG-E00857,CSG-E00858
CSG-E00858,CSG-E00859
CSG-E00859,CSG-E00860
CSG-E00860,CSG-E00861
ASG-088,CSG-E00848
ASG-031,CSG-E00861
CSG-E00862,CSG-E00863
CSG-E00863,CSG-E00864
CSG-E00864,CSG-E00865
CSG-E00865,CSG-E00866
CSG-E00866,CSG-E00867
CSG-E00867,CSG-E00868
CSG-E00868,CSG-E00869
CSG-E00869,CSG-E00870
CSG-E00870,CSG-E00871
CSG-E00871,CSG-E00872
ASG-050,CSG-E00862
ASG-104,CSG-E00872
CSG-E00873,CSG-E00874
CSG-E00874,CSG-E00875
CSG-E00875,CSG-E00876
CSG-E00876,CSG-E00877
CSG-E00877,CSG-E00878
ASG-031,CSG-E00873
ASG-025,CSG-E00878
CSG-E00879,CSG-E00880
CSG-E00880,CSG-E00881
CSG-E00881,CSG-E00882
CSG-E00882,CSG-E00883
CSG-E00883,CSG-E00884
CSG-E00884,CSG-E00885
CSG-E00885,CSG-E00886
CSG-E00886,CSG-E00887
CSG-E00887,CSG-E00888
CSG-E00888,CSG-E00889
CSG-E00889,CSG-E00890
ASG-012,CSG-E00879
ASG-017,CSG-E00890
CSG-E00891,CSG-E00892
CSG-E00892,CSG-E00893
CSG-E00893,CSG-E00894
CSG-E00894,CSG-E00895
CSG-E00895,CSG-E00896
CSG-E00896,CSG-E00897
CSG-E00897,CSG-E00898
CSG-E00898,CSG-E00899
CSG-E00899,CSG-E00900
ASG-103,CSG-E00891
ASG-056,CSG-E00900
CSG-E00901,CSG-E00902
CSG-E00902,CSG-E00903
CSG-E00903,CSG-E00904
CSG-E00904,CSG-E00905
CSG-E00905,CSG-E00906
CSG-E00906,CSG-E00907
CSG-E00907,CSG-E00908
CSG-E00908,CSG-E00909
CSG-E00909,CSG-E00910
CSG-E00910,CSG-E00911
CSG-E00911,CSG-E00912
CSG-E00912,CSG-E00913
CSG-E00913,CSG-E00914
CSG-E00914,CSG-E00915
CSG-E00915,CSG-E00916
ASG-009,CSG-E00901
ASG-102,CSG-E00916
CSG-E00917,CSG-E00918
CSG-E00918,CSG-E00919
CSG-E00919,CSG-E00920
CSG-E00920,CSG-E00921
CSG-E00921,CSG-E00922
CSG-E00922,CSG-E00923
CSG-E00923,CSG-E00924
CSG-E00924,CSG-E00925
CSG-E00925,CSG-E00926
CSG-E00926,CSG-E00927
CSG-E00927,CSG-E00928
CSG-E00928,CSG-E00929
CSG-E00929,CSG-E00930
CSG-E00930,CSG-E00931
ASG-099,CSG-E00917
ASG-038,CSG-E00931
CSG-E00932,CSG-E00933
CSG-E00933,CSG-E00934
CSG-E00934,CSG-E00935
CSG-E00935,CSG-E00936
CSG-E00936,CSG-E00937
CSG-E00937,CSG-E00938
CSG-E00938,CSG-E00939
CSG-E00939,CSG-E00940
CSG-E00940,CSG-E00941
CSG-E00941,CSG-E00942
ASG-013,CSG-E00932
ASG-019,CSG-E00942
CSG-E00943,CSG-E00944
CSG-E00944,CSG-E00945
CSG-E00945,CSG-E00946
CSG-E00946,CSG-E00947
CSG-E00947,CSG-E00948
ASG-046,CSG-E00943
ASG-046,CSG-E00948
CSG-E00949,CSG-E00950
CSG-E00950,CSG-E00951
CSG-E00951,CSG-E00952
CSG-E00952,CSG-E00953
CSG-E00953,CSG-E00954
CSG-E00954,CSG-E00955
CSG-E00955,CSG-E00956
CSG-E00956,CSG-E00957
CSG-E00957,CSG-E00958
ASG-050,CSG-E00949
ASG-093,CSG-E00958
CSG-E00959,CSG-E00960
CSG-E00960,CSG-E00961
CSG-E00961,CSG-E00962
CSG-E00962,CSG-E00963
CSG-E00963,CSG-E00964
CSG-E00964,CSG-E00965
CSG-E00965,CSG-E00966
CSG-E00966,CSG-E00967
CSG-E00967,CSG-E00968
CSG-E00968,CSG-E00969
CSG-E00969,CSG-E00970
CSG-E00970,CSG-E00971
ASG-055,CSG-E00959
ASG-060,CSG-E00971
CSG-E00972,CSG-E00973
CSG-E00973,CSG-E00974
CSG-E00974,CSG-E00975
CSG-E00975,CSG-E00976
CSG-E00976,CSG-E00977
CSG-E00977,CSG-E00978
CSG-E00978,CSG-E00979
CSG-E00979,CSG-E00980
CSG-E00980,CSG-E00981
CSG-E00981,CSG-E00982
CSG-E00982,CSG-E00983
CSG-E00983,CSG-E00984
CSG-E00984,CSG-E00985
ASG-100,CSG-E00972
ASG-100,CSG-E00985
CSG-E00986,CSG-E00987
CSG-E00987,CSG-E00988
CSG-E00988,CSG-E00989
CSG-E00989,CSG-E00990
CSG-E00990,CSG-E00991
CSG-E00991,CSG-E00992
CSG-E00992,CSG-E00993
CSG-E00993,CSG-E00994
CSG-E00994,CSG-E00995
ASG-062,CSG-E00986
ASG-062,CSG-E00995
CSG-E00996,CSG-E00997
CSG-E00997,CSG-E00998
CSG-E00998,CSG-E00999
CSG-E00999,CSG-E01000
CSG-E01000,CSG-E01001
CSG-E01001,CSG-E01002
CSG-E01002,CSG-E01003
CSG-E01003,CSG-E01004
CSG-E01004,CSG-E01005
ASG-037,CSG-E00996
ASG-118,CSG-E01005
CSG-E01006,CSG-E01007
CSG-E01007,CSG-E01008
CSG-E01008,CSG-E01009
CSG-E01009,CSG-E01010
CSG-E01010,CSG-E01011
CSG-E01011,CSG-E01012
CSG-E01012,CSG-E01013
CSG-E01013,CSG-E01014
CSG-E01014,CSG-E01015
CSG-E01015,CSG-E01016
CSG-E01016,CSG-E01017
CSG-E01017,CSG-E01018
ASG-041,CSG-E01006
ASG-096,CSG-E01018
CSG-E01019,CSG-E01020
CSG-E01020,CSG-E01021
CSG-E01021,CSG-E01022
CSG-E01022,CSG-E01023
CSG-E01023,CSG-E01024
CSG-E01024,CSG-E01025
CSG-E01025,CSG-E01026
CSG-E01026,CSG-E01027
CSG-E01027,CSG-E01028
CSG-E01028,CSG-E01029
CSG-E01029,CSG-E01030
CSG-E01030,CSG-E01031
CSG-E01031,CSG-E01032
ASG-082,CSG-E01019
ASG-082,CSG-E01032
CSG-E01033,CSG-E01034
CSG-E01034,CSG-E01035
CSG-E01035,CSG-E01036
CSG-E01036,CSG-E01037
CSG-E01037,CSG-E01038
CSG-E01038,CSG-E01039
ASG-013,CSG-E01033
ASG-120,CSG-E01039
CSG-E01040,CSG-E01041
CSG-E01041,CSG-E01042
CSG-E01042,CSG-E01043
CSG-E01043,CSG-E01044
CSG-E01044,CSG-E01045
CSG-E01045,CSG-E01046
CSG-E01046,CSG-E01047
CSG-E01047,CSG-E01048
CSG-E01048,CSG-E01049
CSG-E01049,CSG-E01050
CSG-E01050,CSG-E01051
CSG-E01051,CSG-E01052
ASG-097,CSG-E01040
ASG-097,CSG-E01052
CSG-E01053,CSG-E01054
CSG-E01054,CSG-E01055
CSG-E01055,CSG-E01056
CSG-E01056,CSG-E01057
CSG-E01057,CSG-E01058
CSG-E01058,CSG-E01059
ASG-006,CSG-E01053
ASG-006,CSG-E01059
CSG-E01060,CSG-E01061
CSG-E01061,CSG-E01062
CSG-E01062,CSG-E01063
CSG-E01063,CSG-E01064
CSG-E01064,CSG-E01065
ASG-064,CSG-E01060
ASG-064,CSG-E01065
CSG-E01066,CSG-E01067
CSG-E01067,CSG-E01068
CSG-E01068,CSG-E01069
CSG-E01069,CSG-E01070
CSG-E01070,CSG-E01071
CSG-E01071,CSG-E01072
CSG-E01072,CSG-E01073
CSG-E01073,CSG-E01074
CSG-E01074,CSG-E01075
CSG-E01075,CSG-E01076
CSG-E01076,CSG-E01077
ASG-113,CSG-E01066
ASG-113,CSG-E01077
CSG-E01078,CSG-E01079
CSG-E01079,CSG-E01080
CSG-E01080,CSG-E01081
CSG-E01081,CSG-E01082
CSG-E01082,CSG-E01083
CSG-E01083,CSG-E01084
CSG-E01084,CSG-E01085
CSG-E01085,CSG-E01086
CSG-E01086,CSG-E01087
CSG-E01087,CSG-E01088
CSG-E01088,CSG-E01089
CSG-E01089,CSG-E01090
CSG-E01090,CSG-E01091
ASG-063,CSG-E01078
ASG-067,CSG-E01091
CSG-E01092,CSG-E01093
CSG-E01093,CSG-E01094
CSG-E01094,CSG-E01095
CSG-E01095,CSG-E01096
CSG-E01096,CSG-E01097
CSG-E01097,CSG-E01098
CSG-E01098,CSG-E01099
CSG-E01099,CSG-E01100
CSG-E01100,CSG-E01101
CSG-E01101,CSG-E01102
CSG-E01102,CSG-E01103
CSG-E01103,CSG-E01104
CSG-E01104,CSG-E01105
CSG-E01105,CSG-E01106
ASG-004,CSG-E01092
ASG-004,CSG-E01106
CSG-E01107,CSG-E01108
CSG-E01108,CSG-E01109
CSG-E01109,CSG-E01110
CSG-E01110,CSG-E01111
CSG-E01111,CSG-E01112
CSG-E01112,CSG-E01113
CSG-E01113,CSG-E01114
CSG-E01114,CSG-E01115
CSG-E01115,CSG-E01116
ASG-037,CSG-E01107
ASG-118,CSG-E01116
CSG-E01117,CSG-E01118
CSG-E01118,CSG-E01119
CSG-E01119,CSG-E01120
CSG-E01120,CSG-E01121
CSG-E01121,CSG-E01122
CSG-E01122,CSG-E01123
CSG-E01123,CSG-E01124
CSG-E01124,CSG-E01125
CSG-E01125,CSG-E01126
CSG-E01126,CSG-E01127
CSG-E01127,CSG-E01128
CSG-E01128,CSG-E01129
CSG-E01129,CSG-E01130
ASG-012,CSG-E01117
ASG-017,CSG-E01130
CSG-E01131,CSG-E01132
CSG-E01132,CSG-E01133
CSG-E01133,CSG-E01134
CSG-E01134,CSG-E01135
CSG-E01135,CSG-E01136
CSG-E01136,CSG-E01137
CSG-E01137,CSG-E01138
CSG-E01138,CSG-E01139
CSG-E01139,CSG-E01140
CSG-E01140,CSG-E01141
ASG-001,CSG-E01131
ASG-115,CSG-E01141
CSG-E01142,CSG-E01143
CSG-E01143,CSG-E01144
CSG-E01144,CSG-E01145
CSG-E01145,CSG-E01146
CSG-E01146,CSG-E01147
CSG-E01147,CSG-E01148
CSG-E01148,CSG-E01149
CSG-E01149,CSG-E01150
ASG-016,CSG-E01142
ASG-103,CSG-E01150
CSG-E01151,CSG-E01152
CSG-E01152,CSG-E01153
CSG-E01153,CSG-E01154
CSG-E01154,CSG-E01155
CSG-E01155,CSG-E01156
CSG-E01156,CSG-E01157
CSG-E01157,CSG-E01158
CSG-E01158,CSG-E01159
ASG-049,CSG-E01151
ASG-084,CSG-E01159
CSG-E01160,CSG-E01161
CSG-E01161,CSG-E01162
CSG-E01162,CSG-E01163
CSG-E01163,CSG-E01164
CSG-E01164,CSG-E01165
CSG-E01165,CSG-E01166
CSG-E01166,CSG-E01167
CSG-E01167,CSG-E01168
CSG-E01168,CSG-E01169
CSG-E01169,CSG-E01170
CSG-E01170,CSG-E01171
CSG-E01171,CSG-E01172
CSG-E01172,CSG-E01173
ASG-036,CSG-E01160
ASG-099,CSG-E01173
CSG-E01174,CSG-E01175
CSG-E01175,CSG-E01176
CSG-E01176,CSG-E01177
CSG-E01177,CSG-E01178
CSG-E01178,CSG-E01179
CSG-E01179,CSG-E01180
CSG-E01180,CSG-E01181
CSG-E01181,CSG-E01182
ASG-043,CSG-E01174
ASG-119,CSG-E01182
CSG-E01183,CSG-E01184
CSG-E01184,CSG-E01185
CSG-E01185,CSG-E01186
CSG-E01186,CSG-E01187
CSG-E01187,CSG-E01188
CSG-E01188,CSG-E01189
CSG-E01189,CSG-E01190
CSG-E01190,CSG-E01191
CSG-E01191,CSG-E01192
CSG-E01192,CSG-E01193
CSG-E01193,CSG-E01194
CSG-E01194,CSG-E01195
CSG-E01195,CSG-E01196
ASG-004,CSG-E01183
ASG-091,CSG-E01196
CSG-E01197,CSG-E01198
CSG-E01198,CSG-E01199
CSG-E01199,CSG-E01200
CSG-E01200,CSG-E01201
CSG-E01201,CSG-E01202
CSG-E01202,CSG-E01203
CSG-E01203,CSG-E01204
CSG-E01204,CSG-E01205
ASG-091,CSG-E01197
ASG-004,CSG-E01205
CSG-E01206,CSG-E01207
CSG-E01207,CSG-E01208
CSG-E01208,CSG-E01209
CSG-E01209,CSG-E01210
CSG-E01210,CSG-E01211
CSG-E01211,CSG-E01212
CSG-E01212,CSG-E01213
CSG-E01213,CSG-E01214
CSG-E01214,CSG-E01215
CSG-E01215,CSG-E01216
ASG-045,CSG-E01206
ASG-003,CSG-E01216
CSG-E01217,CSG-E01218
CSG-E01218,CSG-E01219
CSG-E01219,CSG-E01220
CSG-E01220,CSG-E01221
CSG-E01221,CSG-E01222
CSG-E01222,CSG-E01223
CSG-E01223,CSG-E01224
CSG-E01224,CSG-E01225
CSG-E01225,CSG-E01226
CSG-E01226,CSG-E01227
CSG-E01227,CSG-E01228
CSG-E01228,CSG-E01229
CSG-E01229,CSG-E01230
CSG-E01230,CSG-E01231
CSG-E01231,CSG-E01232
ASG-020,CSG-E01217
ASG-020,CSG-E01232
CSG-E01233,CSG-E01234
CSG-E01234,CSG-E01235
CSG-E01235,CSG-E01236
CSG-E01236,CSG-E01237
CSG-E01237,CSG-E01238
CSG-E01238,CSG-E01239
CSG-E01239,CSG-E01240
CSG-E01240,CSG-E01241
CSG-E01241,CSG-E01242
CSG-E01242,CSG-E01243
ASG-092,CSG-E01233
ASG-010,CSG-E01243
CSG-E01244,CSG-E01245
CSG-E01245,CSG-E01246
CSG-E01246,CSG-E01247
CSG-E01247,CSG-E01248
CSG-E01248,CSG-E01249
ASG-071,CSG-E01244
ASG-051,CSG-E01249
CSG-E01250,CSG-E01251
CSG-E01251,CSG-E01252
CSG-E01252,CSG-E01253
CSG-E01253,CSG-E01254
CSG-E01254,CSG-E01255
CSG-E01255,CSG-E01256
CSG-E01256,CSG-E01257
CSG-E01257,CSG-E01258
ASG-057,CSG-E01250
ASG-057,CSG-E01258
CSG-E01259,CSG-E01260
CSG-E01260,CSG-E01261
CSG-E01261,CSG-E01262
CSG-E01262,CSG-E01263
CSG-E01263,CSG-E01264
CSG-E01264,CSG-E01265
CSG-E01265,CSG-E01266
CSG-E01266,CSG-E01267
CSG-E01267,CSG-E01268
CSG-E01268,CSG-E01269
ASG-036,CSG-E01259
ASG-036,CSG-E01269
CSG-E01270,CSG-E01271
CSG-E01271,CSG-E01272
CSG-E01272,CSG-E01273
CSG-E01273,CSG-E01274
CSG-E01274,CSG-E01275
CSG-E01275,CSG-E01276
CSG-E01276,CSG-E01277
CSG-E01277,CSG-E01278
CSG-E01278,CSG-E01279
CSG-E01279,CSG-E01280
CSG-E01280,CSG-E01281
CSG-E01281,CSG-E01282
CSG-E01282,CSG-E01283
ASG-054,CSG-E01270
ASG-054,CSG-E01283
CSG-E01284,CSG-E01285
CSG-E01285,CSG-E01286
CSG-E01286,CSG-E01287
CSG-E01287,CSG-E01288
CSG-E01288,CSG-E01289
CSG-E01289,CSG-E01290
CSG-E01290,CSG-E01291
CSG-E01291,CSG-E01292
CSG-E01292,CSG-E01293
CSG-E01293,CSG-E01294
CSG-E01294,CSG-E01295
ASG-071,CSG-E01284
ASG-071,CSG-E01295
CSG-E01296,CSG-E01297
CSG-E01297,CSG-E01298
CSG-E01298,CSG-E01299
CSG-E01299,CSG-E01300
CSG-E01300,CSG-E01301
CSG-E01301,CSG-E01302
CSG-E01302,CSG-E01303
CSG-E01303,CSG-E01304
CSG-E01304,CSG-E01305
CSG-E01305,CSG-E01306
CSG-E01306,CSG-E01307
CSG-E01307,CSG-E01308
CSG-E01308,CSG-E01309
CSG-E01309,CSG-E01310
CSG-E01310,CSG-E01311
ASG-075,CSG-E01296
ASG-085,CSG-E01311
CSG-E01312,CSG-E01313
CSG-E01313,CSG-E01314
CSG-E01314,CSG-E01315
CSG-E01315,CSG-E01316
CSG-E01316,CSG-E01317
CSG-E01317,CSG-E01318
CSG-E01318,CSG-E01319
CSG-E01319,CSG-E01320
CSG-E01320,CSG-E01321
CSG-E01321,CSG-E01322
CSG-E01322,CSG-E01323
CSG-E01323,CSG-E01324
CSG-E01324,CSG-E01325
CSG-E01325,CSG-E01326
ASG-038,CSG-E01312
ASG-075,CSG-E01326
CSG-E01327,CSG-E01328
CSG-E01328,CSG-E01329
CSG-E01329,CSG-E01330
CSG-E01330,CSG-E01331
CSG-E01331,CSG-E01332
CSG-E01332,CSG-E01333
CSG-E01333,CSG-E01334
CSG-E01334,CSG-E01335
CSG-E01335,CSG-E01336
CSG-E01336,CSG-E01337
CSG-E01337,CSG-E01338
ASG-057,CSG-E01327
ASG-090,CSG-E01338
CSG-E01339,CSG-E01340
CSG-E01340,CSG-E01341
CSG-E01341,CSG-E01342
CSG-E01342,CSG-E01343
CSG-E01343,CSG-E01344
CSG-E01344,CSG-E01345
CSG-E01345,CSG-E01346
CSG-E01346,CSG-E01347
ASG-052,CSG-E01339
ASG-052,CSG-E01347
CSG-E01348,CSG-E01349
CSG-E01349,CSG-E01350
CSG-E01350,CSG-E01351
CSG-E01351,CSG-E01352
CSG-E01352,CSG-E01353
CSG-E01353,CSG-E01354
CSG-E01354,CSG-E01355
CSG-E01355,CSG-E01356
CSG-E01356,CSG-E01357
CSG-E01357,CSG-E01358
CSG-E01358,CSG-E01359
CSG-E01359,CSG-E01360
CSG-E01360,CSG-E01361
CSG-E01361,CSG-E01362
CSG-E01362,CSG-E01363
ASG-022,CSG-E01348
ASG-116,CSG-E01363
CSG-E01364,CSG-E01365
CSG-E01365,CSG-E01366
CSG-E01366,CSG-E01367
CSG-E01367,CSG-E01368
CSG-E01368,CSG-E01369
CSG-E01369,CSG-E01370
CSG-E01370,CSG-E01371
CSG-E01371,CSG-E01372
ASG-105,CSG-E01364
ASG-105,CSG-E01372
CSG-E01373,CSG-E01374
CSG-E01374,CSG-E01375
CSG-E01375,CSG-E01376
CSG-E01376,CSG-E01377
CSG-E01377,CSG-E01378
CSG-E01378,CSG-E01379
ASG-101,CSG-E01373
ASG-101,CSG-E01379
CSG-E01380,CSG-E01381
CSG-E01381,CSG-E01382
CSG-E01382,CSG-E01383
CSG-E01383,CSG-E01384
CSG-E01384,CSG-E01385
CSG-E01385,CSG-E01386
CSG-E01386,CSG-E01387
CSG-E01387,CSG-E01388
CSG-E01388,CSG-E01389
CSG-E01389,CSG-E01390
CSG-E01390,CSG-E01391
ASG-008,CSG-E01380
ASG-008,CSG-E01391
CSG-E01392,CSG-E01393
CSG-E01393,CSG-E01394
CSG-E01394,CSG-E01395
CSG-E01395,CSG-E01396
CSG-E01396,CSG-E01397
CSG-E01397,CSG-E01398
CSG-E01398,CSG-E01399
CSG-E01399,CSG-E01400
CSG-E01400,CSG-E01401
CSG-E01401,CSG-E01402
CSG-E01402,CSG-E01403
ASG-096,CSG-E01392
ASG-096,CSG-E01403
CSG-E01404,CSG-E01405
CSG-E01405,CSG-E01406
CSG-E01406,CSG-E01407
CSG-E01407,CSG-E01408
CSG-E01408,CSG-E01409
CSG-E01409,CSG-E01410
CSG-E01410,CSG-E01411
CSG-E01411,CSG-E01412
CSG-E01412,CSG-E01413
CSG-E01413,CSG-E01414
CSG-E01414,CSG-E01415
CSG-E01415,CSG-E01416
ASG-005,CSG-E01404
ASG-005,CSG-E01416
CSG-E01417,CSG-E01418
CSG-E01418,CSG-E01419
CSG-E01419,CSG-E01420
CSG-E01420,CSG-E01421
CSG-E01421,CSG-E01422
CSG-E01422,CSG-E01423
CSG-E01423,CSG-E01424
CSG-E01424,CSG-E01425
CSG-E01425,CSG-E01426
ASG-023,CSG-E01417
ASG-023,CSG-E01426
CSG-E01427,CSG-E01428
CSG-E01428,CSG-E01429
CSG-E01429,CSG-E01430
CSG-E01430,CSG-E01431
CSG-E01431,CSG-E01432
CSG-E01432,CSG-E01433
CSG-E01433,CSG-E01434
CSG-E01434,CSG-E01435
CSG-E01435,CSG-E01436
CSG-E01436,CSG-E01437
CSG-E01437,CSG-E01438
CSG-E01438,CSG-E01439
CSG-E01439,CSG-E01440
CSG-E01440,CSG-E01441
CSG-E01441,CSG-E01442
ASG-080,CSG-E01427
ASG-080,CSG-E01442
CSG-E01443,CSG-E01444
CSG-E01444,CSG-E01445
CSG-E01445,CSG-E01446
CSG-E01446,CSG-E01447
CSG-E01447,CSG-E01448
CSG-E01448,CSG-E01449
CSG-E01449,CSG-E01450
CSG-E01450,CSG-E01451
CSG-E01451,CSG-E01452
CSG-E01452,CSG-E01453
CSG-E01453,CSG-E01454
ASG-031,CSG-E01443
ASG-031,CSG-E01454
CSG-E01455,CSG-E01456
CSG-E01456,CSG-E01457
CSG-E01457,CSG-E01458
CSG-E01458,CSG-E01459
CSG-E01459,CSG-E01460
CSG-E01460,CSG-E01461
ASG-054,CSG-E01455
ASG-023,CSG-E01461
CSG-E01462,CSG-E01463
CSG-E01463,CSG-E01464
CSG-E01464,CSG-E01465
CSG-E01465,CSG-E01466
CSG-E01466,CSG-E01467
CSG-E01467,CSG-E01468
CSG-E01468,CSG-E01469
CSG-E01469,CSG-E01470
CSG-E01470,CSG-E01471
CSG-E01471,CSG-E01472
CSG-E01472,CSG-E01473
ASG-098,CSG-E01462
ASG-098,CSG-E01473
CSG-E01474,CSG-E01475
CSG-E01475,CSG-E01476
CSG-E01476,CSG-E01477
CSG-E01477,CSG-E01478
CSG-E01478,CSG-E01479
CSG-E01479,CSG-E01480
ASG-112,CSG-E01474
ASG-112,CSG-E01480
CSG-E01481,CSG-E01482
CSG-E01482,CSG-E01483
CSG-E01483,CSG-E01484
CSG-E01484,CSG-E01485
CSG-E01485,CSG-E01486
CSG-E01486,CSG-E01487
CSG-E01487,CSG-E01488
CSG-E01488,CSG-E01489
CSG-E01489,CSG-E01490
CSG-E01490,CSG-E01491
CSG-E01491,CSG-E01492
CSG-E01492,CSG-E01493
CSG-E01493,CSG-E01494
CSG-E01494,CSG-E01495
ASG-077,CSG-E01481
ASG-077,CSG-E01495
CSG-E01496,CSG-E01497
CSG-E01497,CSG-E01498
CSG-E01498,CSG-E01499
CSG-E01499,CSG-E01500
CSG-E01500,CSG-E01501
CSG-E01501,CSG-E01502
CSG-E01502,CSG-E01503
CSG-E01503,CSG-E01504
CSG-E01504,CSG-E01505
CSG-E01505,CSG-E01506
ASG-064,CSG-E01496
ASG-032,CSG-E01506
CSG-E01507,CSG-E01508
CSG-E01508,CSG-E01509
CSG-E01509,CSG-E01510
CSG-E01510,CSG-E01511
CSG-E01511,CSG-E01512
CSG-E01512,CSG-E01513
CSG-E01513,CSG-E01514
ASG-081,CSG-E01507
ASG-088,CSG-E01514
CSG-E01515,CSG-E01516
CSG-E01516,CSG-E01517
CSG-E01517,CSG-E01518
CSG-E01518,CSG-E01519
CSG-E01519,CSG-E01520
CSG-E01520,CSG-E01521
CSG-E01521,CSG-E01522
CSG-E01522,CSG-E01523
CSG-E01523,CSG-E01524
CSG-E01524,CSG-E01525
CSG-E01525,CSG-E01526
CSG-E01526,CSG-E01527
CSG-E01527,CSG-E01528
CSG-E01528,CSG-E01529
ASG-035,CSG-E01515
ASG-049,CSG-E01529
CSG-E01530,CSG-E01531
CSG-E01531,CSG-E01532
CSG-E01532,CSG-E01533
CSG-E01533,CSG-E01534
CSG-E01534,CSG-E01535
CSG-E01535,CSG-E01536
CSG-E01536,CSG-E01537
CSG-E01537,CSG-E01538
CSG-E01538,CSG-E01539
CSG-E01539,CSG-E01540
ASG-022,CSG-E01530
ASG-022,CSG-E01540
CSG-E01541,CSG-E01542
CSG-E01542,CSG-E01543
CSG-E01543,CSG-E01544
CSG-E01544,CSG-E01545
CSG-E01545,CSG-E01546
CSG-E01546,CSG-E01547
CSG-E01547,CSG-E01548
CSG-E01548,CSG-E01549
CSG-E01549,CSG-E01550
CSG-E01550,CSG-E01551
CSG-E01551,CSG-E01552
CSG-E01552,CSG-E01553
CSG-E01553,CSG-E01554
CSG-E01554,CSG-E01555
ASG-070,CSG-E01541
ASG-056,CSG-E01555
CSG-E01556,CSG-E01557
CSG-E01557,CSG-E01558
CSG-E01558,CSG-E01559
CSG-E01559,CSG-E01560
CSG-E01560,CSG-E01561
CSG-E01561,CSG-E01562
CSG-E01562,CSG-E01563
CSG-E01563,CSG-E01564
CSG-E01564,CSG-E01565
ASG-003,CSG-E01556
ASG-003,CSG-E01565
CSG-E01566,CSG-E01567
CSG-E01567,CSG-E01568
CSG-E01568,CSG-E01569
CSG-E01569,CSG-E01570
CSG-E01570,CSG-E01571
ASG-049,CSG-E01566
ASG-049,CSG-E01571
CSG-E01572,CSG-E01573
CSG-E01573,CSG-E01574
CSG-E01574,CSG-E01575
CSG-E01575,CSG-E01576
CSG-E01576,CSG-E01577
ASG-108,CSG-E01572
ASG-108,CSG-E01577
CSG-E01578,CSG-E01579
CSG-E01579,CSG-E01580
CSG-E01580,CSG-E01581
CSG-E01581,CSG-E01582
CSG-E01582,CSG-E01583
CSG-E01583,CSG-E01584
ASG-065,CSG-E01578
ASG-065,CSG-E01584
CSG-E01585,CSG-E01586
CSG-E01586,CSG-E01587
CSG-E01587,CSG-E01588
CSG-E01588,CSG-E01589
CSG-E01589,CSG-E01590
CSG-E01590,CSG-E01591
CSG-E01591,CSG-E01592
CSG-E01592,CSG-E01593
CSG-E01593,CSG-E01594
CSG-E01594,CSG-E01595
CSG-E01595,CSG-E01596
CSG-E01596,CSG-E01597
CSG-E01597,CSG-E01598
ASG-049,CSG-E01585
ASG-049,CSG-E01598
CSG-E01599,CSG-E01600
CSG-E01600,CSG-E01601
CSG-E01601,CSG-E01602
CSG-E01602,CSG-E01603
CSG-E01603,CSG-E01604
CSG-E01604,CSG-E01605
CSG-E01605,CSG-E01606
CSG-E01606,CSG-E01607
ASG-073,CSG-E01599
ASG-087,CSG-E01607
CSG-E01608,CSG-E01609
CSG-E01609,CSG-E01610
CSG-E01610,CSG-E01611
CSG-E01611,CSG-E01612
CSG-E01612,CSG-E01613
CSG-E01613,CSG-E01614
CSG-E01614,CSG-E01615
CSG-E01615,CSG-E01616
CSG-E01616,CSG-E01617
CSG-E01617,CSG-E01618
CSG-E01618,CSG-E01619
CSG-E01619,CSG-E01620
CSG-E01620,CSG-E01621
CSG-E01621,CSG-E01622
ASG-065,CSG-E01608
ASG-077,CSG-E01622
CSG-E01623,CSG-E01624
CSG-E01624,CSG-E01625
CSG-E01625,CSG-E01626
CSG-E01626,CSG-E01627
CSG-E01627,CSG-E01628
CSG-E01628,CSG-E01629
CSG-E01629,CSG-E01630
CSG-E01630,CSG-E01631
CSG-E01631,CSG-E01632
CSG-E01632,CSG-E01633
CSG-E01633,CSG-E01634
CSG-E01634,CSG-E01635
CSG-E01635,CSG-E01636
CSG-E01636,CSG-E01637
ASG-025,CSG-E01623
ASG-031,CSG-E01637
CSG-E01638,CSG-E01639
CSG-E01639,CSG-E01640
CSG-E01640,CSG-E01641
CSG-E01641,CSG-E01642
CSG-E01642,CSG-E01643
CSG-E01643,CSG-E01644
CSG-E01644,CSG-E01645
CSG-E01645,CSG-E01646
CSG-E01646,CSG-E01647
CSG-E01647,CSG-E01648
ASG-066,CSG-E01638
ASG-066,CSG-E01648
CSG-E01649,CSG-E01650
CSG-E01650,CSG-E01651
CSG-E01651,CSG-E01652
CSG-E01652,CSG-E01653
CSG-E01653,CSG-E01654
CSG-E01654,CSG-E01655
CSG-E01655,CSG-E01656
CSG-E01656,CSG-E01657
CSG-E01657,CSG-E01658
ASG-087,CSG-E01649
ASG-073,CSG-E01658
CSG-E01659,CSG-E01660
CSG-E01660,CSG-E01661
CSG-E01661,CSG-E01662
CSG-E01662,CSG-E01663
CSG-E01663,CSG-E01664
CSG-E01664,CSG-E01665
ASG-101,CSG-E01659
ASG-113,CSG-E01665
CSG-E01666,CSG-E01667
CSG-E01667,CSG-E01668
CSG-E01668,CSG-E01669
CSG-E01669,CSG-E01670
CSG-E01670,CSG-E01671
CSG-E01671,CSG-E01672
CSG-E01672,CSG-E01673
CSG-E01673,CSG-E01674
CSG-E01674,CSG-E01675
CSG-E01675,CSG-E01676
ASG-040,CSG-E01666
ASG-040,CSG-E01676
CSG-E01677,CSG-E01678
CSG-E01678,CSG-E01679
CSG-E01679,CSG-E01680
CSG-E01680,CSG-E01681
CSG-E01681,CSG-E01682
ASG-088,CSG-E01677
ASG-088,CSG-E01682
CSG-E01683,CSG-E01684
CSG-E01684,CSG-E01685
CSG-E01685,CSG-E01686
CSG-E01686,CSG-E01687
CSG-E01687,CSG-E01688
ASG-072,CSG-E01683
ASG-098,CSG-E01688
CSG-E01689,CSG-E01690
CSG-E01690,CSG-E01691
CSG-E01691,CSG-E01692
CSG-E01692,CSG-E01693
CSG-E01693,CSG-E01694
CSG-E01694,CSG-E01695
CSG-E01695,CSG-E01696
CSG-E01696,CSG-E01697
CSG-E01697,CSG-E01698
CSG-E01698,CSG-E01699
CSG-E01699,CSG-E01700
CSG-E01700,CSG-E01701
ASG-034,CSG-E01689
ASG-082,CSG-E01701
CSG-E01702,CSG-E01703
CSG-E01703,CSG-E01704
CSG-E01704,CSG-E01705
CSG-E01705,CSG-E01706
CSG-E01706,CSG-E01707
CSG-E01707,CSG-E01708
CSG-E01708,CSG-E01709
ASG-110,CSG-E01702
ASG-110,CSG-E01709
CSG-E01710,CSG-E01711
CSG-E01711,CSG-E01712
CSG-E01712,CSG-E01713
CSG-E01713,CSG-E01714
CSG-E01714,CSG-E01715
CSG-E01715,CSG-E01716
ASG-023,CSG-E01710
ASG-054,CSG-E01716
CSG-E01717,CSG-E01718
CSG-E01718,CSG-E01719
CSG-E01719,CSG-E01720
CSG-E01720,CSG-E01721
CSG-E01721,CSG-E01722
CSG-E01722,CSG-E01723
CSG-E01723,CSG-E01724
CSG-E01724,CSG-E01725
CSG-E01725,CSG-E01726
CSG-E01726,CSG-E01727
ASG-112,CSG-E01717
ASG-062,CSG-E01727
CSG-E01728,CSG-E01729
CSG-E01729,CSG-E01730
CSG-E01730,CSG-E01731
CSG-E01731,CSG-E01732
CSG-E01732,CSG-E01733
CSG-E01733,CSG-E01734
ASG-090,CSG-E01728
ASG-013,CSG-E01734
CSG-E01735,CSG-E01736
CSG-E01736,CSG-E01737
CSG-E01737,CSG-E01738
CSG-E01738,CSG-E01739
CSG-E01739,CSG-E01740
CSG-E01740,CSG-E01741
CSG-E01741,CSG-E01742
CSG-E01742,CSG-E01743
CSG-E01743,CSG-E01744
CSG-E01744,CSG-E01745
ASG-006,CSG-E01735
ASG-006,CSG-E01745
CSG-E01746,CSG-E01747
CSG-E01747,CSG-E01748
CSG-E01748,CSG-E01749
CSG-E01749,CSG-E01750
CSG-E01750,CSG-E01751
CSG-E01751,CSG-E01752
CSG-E01752,CSG-E01753
CSG-E01753,CSG-E01754
CSG-E01754,CSG-E01755
CSG-E01755,CSG-E01756
CSG-E01756,CSG-E01757
CSG-E01757,CSG-E01758
CSG-E01758,CSG-E01759
ASG-059,CSG-E01746
ASG-108,CSG-E01759
CSG-E01760,CSG-E01761
CSG-E01761,CSG-E01762
CSG-E01762,CSG-E01763
CSG-E01763,CSG-E01764
CSG-E01764,CSG-E01765
CSG-E01765,CSG-E01766
CSG-E01766,CSG-E01767
ASG-045,CSG-E01760
ASG-045,CSG-E01767
CSG-E01768,CSG-E01769
CSG-E01769,CSG-E01770
CSG-E01770,CSG-E01771
CSG-E01771,CSG-E01772
CSG-E01772,CSG-E01773
CSG-E01773,CSG-E01774
CSG-E01774,CSG-E01775
CSG-E01775,CSG-E01776
CSG-E01776,CSG-E01777
CSG-E01777,CSG-E01778
ASG-022,CSG-E01768
ASG-089,CSG-E01778
CSG-E01779,CSG-E01780
CSG-E01780,CSG-E01781
CSG-E01781,CSG-E01782
CSG-E01782,CSG-E01783
CSG-E01783,CSG-E01784
CSG-E01784,CSG-E01785
CSG-E01785,CSG-E01786
CSG-E01786,CSG-E01787
CSG-E01787,CSG-E01788
CSG-E01788,CSG-E01789
CSG-E01789,CSG-E01790
CSG-E01790,CSG-E01791
CSG-E01791,CSG-E01792
CSG-E01792,CSG-E01793
ASG-020,CSG-E01779
ASG-020,CSG-E01793
CSG-E01794,CSG-E01795
CSG-E01795,CSG-E01796
CSG-E01796,CSG-E01797
CSG-E01797,CSG-E01798
CSG-E01798,CSG-E01799
CSG-E01799,CSG-E01800
CSG-E01800,CSG-E01801
CSG-E01801,CSG-E01802
CSG-E01802,CSG-E01803
CSG-E01803,CSG-E01804
CSG-E01804,CSG-E01805
CSG-E01805,CSG-E01806
CSG-E01806,CSG-E01807
ASG-099,CSG-E01794
ASG-099,CSG-E01807
CSG-E01808,CSG-E01809
CSG-E01809,CSG-E01810
CSG-E01810,CSG-E01811
CSG-E01811,CSG-E01812
CSG-E01812,CSG-E01813
CSG-E01813,CSG-E01814
CSG-E01814,CSG-E01815
CSG-E01815,CSG-E01816
CSG-E01816,CSG-E01817
CSG-E01817,CSG-E01818
CSG-E01818,CSG-E01819
CSG-E01819,CSG-E01820
ASG-035,CSG-E01808
ASG-014,CSG-E01820
CSG-E01821,CSG-E01822
CSG-E01822,CSG-E01823
CSG-E01823,CSG-E01824
CSG-E01824,CSG-E01825
CSG-E01825,CSG-E01826
CSG-E01826,CSG-E01827
CSG-E01827,CSG-E01828
CSG-E01828,CSG-E01829
CSG-E01829,CSG-E01830
ASG-095,CSG-E01821
ASG-095,CSG-E01830
CSG-E01831,CSG-E01832
CSG-E01832,CSG-E01833
CSG-E01833,CSG-E01834
CSG-E01834,CSG-E01835
CSG-E01835,CSG-E01836
CSG-E01836,CSG-E01837
CSG-E01837,CSG-E01838
CSG-E01838,CSG-E01839
CSG-E01839,CSG-E01840
ASG-005,CSG-E01831
ASG-114,CSG-E01840
CSG-E01841,CSG-E01842
CSG-E01842,CSG-E01843
CSG-E01843,CSG-E01844
CSG-E01844,CSG-E01845
CSG-E01845,CSG-E01846
CSG-E01846,CSG-E01847
CSG-E01847,CSG-E01848
CSG-E01848,CSG-E01849
ASG-058,CSG-E01841
ASG-058,CSG-E01849
CSG-E01850,CSG-E01851
CSG-E01851,CSG-E01852
CSG-E01852,CSG-E01853
CSG-E01853,CSG-E01854
CSG-E01854,CSG-E01855
CSG-E01855,CSG-E01856
CSG-E01856,CSG-E01857
CSG-E01857,CSG-E01858
CSG-E01858,CSG-E01859
CSG-E01859,CSG-E01860
CSG-E01860,CSG-E01861
CSG-E01861,CSG-E01862
CSG-E01862,CSG-E01863
CSG-E01863,CSG-E01864
CSG-E01864,CSG-E01865
ASG-036,CSG-E01850
ASG-031,CSG-E01865
CSG-E01866,CSG-E01867
CSG-E01867,CSG-E01868
CSG-E01868,CSG-E01869
CSG-E01869,CSG-E01870
CSG-E01870,CSG-E01871
CSG-E01871,CSG-E01872
CSG-E01872,CSG-E01873
CSG-E01873,CSG-E01874
CSG-E01874,CSG-E01875
CSG-E01875,CSG-E01876
CSG-E01876,CSG-E01877
ASG-030,CSG-E01866
ASG-011,CSG-E01877
CSG-E01878,CSG-E01879
CSG-E01879,CSG-E01880
CSG-E01880,CSG-E01881
CSG-E01881,CSG-E01882
CSG-E01882,CSG-E01883
CSG-E01883,CSG-E01884
CSG-E01884,CSG-E01885
CSG-E01885,CSG-E01886
ASG-076,CSG-E01878
ASG-015,CSG-E01886
CSG-E01887,CSG-E01888
CSG-E01888,CSG-E01889
CSG-E01889,CSG-E01890
CSG-E01890,CSG-E01891
CSG-E01891,CSG-E01892
CSG-E01892,CSG-E01893
CSG-E01893,CSG-E01894
CSG-E01894,CSG-E01895
CSG-E01895,CSG-E01896
CSG-E01896,CSG-E01897
CSG-E01897,CSG-E01898
CSG-E01898,CSG-E01899
CSG-E01899,CSG-E01900
ASG-095,CSG-E01887
ASG-046,CSG-E01900
CSG-E01901,CSG-E01902
CSG-E01902,CSG-E01903
CSG-E01903,CSG-E01904
CSG-E01904,CSG-E01905
CSG-E01905,CSG-E01906
CSG-E01906,CSG-E01907
CSG-E01907,CSG-E01908
CSG-E01908,CSG-E01909
CSG-E01909,CSG-E01910
CSG-E01910,CSG-E01911
CSG-E01911,CSG-E01912
ASG-106,CSG-E01901
ASG-084,CSG-E01912
CSG-E01913,CSG-E01914
CSG-E01914,CSG-E01915
CSG-E01915,CSG-E01916
CSG-E01916,CSG-E01917
CSG-E01917,CSG-E01918
CSG-E01918,CSG-E01919
CSG-E01919,CSG-E01920
CSG-E01920,CSG-E01921
CSG-E01921,CSG-E01922
CSG-E01922,CSG-E01923
ASG-002,CSG-E01913
ASG-109,CSG-E01923
CSG-E01924,CSG-E01925
CSG-E01925,CSG-E01926
CSG-E01926,CSG-E01927
CSG-E01927,CSG-E01928
CSG-E01928,CSG-E01929
CSG-E01929,CSG-E01930
CSG-E01930,CSG-E01931
CSG-E01931,CSG-E01932
CSG-E01932,CSG-E01933
CSG-E01933,CSG-E01934
CSG-E01934,CSG-E01935
CSG-E01935,CSG-E01936
ASG-077,CSG-E01924
ASG-118,CSG-E01936
CSG-E01937,CSG-E01938
CSG-E01938,CSG-E01939
CSG-E01939,CSG-E01940
CSG-E01940,CSG-E01941
CSG-E01941,CSG-E01942
ASG-016,CSG-E01937
ASG-016,CSG-E01942
CSG-E01943,CSG-E01944
CSG-E01944,CSG-E01945
CSG-E01945,CSG-E01946
CSG-E01946,CSG-E01947
CSG-E01947,CSG-E01948
CSG-E01948,CSG-E01949
CSG-E01949,CSG-E01950
CSG-E01950,CSG-E01951
CSG-E01951,CSG-E01952
CSG-E01952,CSG-E01953
CSG-E01953,CSG-E01954
CSG-E01954,CSG-E01955
CSG-E01955,CSG-E01956
CSG-E01956,CSG-E01957
CSG-E01957,CSG-E01958
ASG-097,CSG-E01943
ASG-101,CSG-E01958
CSG-E01959,CSG-E01960
CSG-E01960,CSG-E01961
CSG-E01961,CSG-E01962
CSG-E01962,CSG-E01963
CSG-E01963,CSG-E01964
CSG-E01964,CSG-E01965
CSG-E01965,CSG-E01966
ASG-010,CSG-E01959
ASG-010,CSG-E01966
CSG-E01967,CSG-E01968
CSG-E01968,CSG-E01969
CSG-E01969,CSG-E01970
CSG-E01970,CSG-E01971
CSG-E01971,CSG-E01972
CSG-E01972,CSG-E01973
CSG-E01973,CSG-E01974
CSG-E01974,CSG-E01975
CSG-E01975,CSG-E01976
CSG-E01976,CSG-E01977
CSG-E01977,CSG-E01978
ASG-017,CSG-E01967
ASG-016,CSG-E01978
CSG-E01979,CSG-E01980
CSG-E01980,CSG-E01981
CSG-E01981,CSG-E01982
CSG-E01982,CSG-E01983
CSG-E01983,CSG-E01984
CSG-E01984,CSG-E01985
CSG-E01985,CSG-E01986
CSG-E01986,CSG-E01987
ASG-083,CSG-E01979
ASG-083,CSG-E01987
CSG-E01988,CSG-E01989
CSG-E01989,CSG-E01990
CSG-E01990,CSG-E01991
CSG-E01991,CSG-E01992
CSG-E01992,CSG-E01993
CSG-E01993,CSG-E01994
CSG-E01994,CSG-E01995
CSG-E01995,CSG-E01996
ASG-004,CSG-E01988
ASG-004,CSG-E01996
CSG-E01997,CSG-E01998
CSG-E01998,CSG-E01999
CSG-E01999,CSG-E02000
CSG-E02000,CSG-E02001
CSG-E02001,CSG-E02002
CSG-E02002,CSG-E02003
CSG-E02003,CSG-E02004
CSG-E02004,CSG-E02005
CSG-E02005,CSG-E02006
CSG-E02006,CSG-E02007
CSG-E02007,CSG-E02008
CSG-E02008,CSG-E02009
CSG-E02009,CSG-E02010
CSG-E02010,CSG-E02011
CSG-E02011,CSG-E02012
ASG-104,CSG-E01997
ASG-104,CSG-E02012
CSG-E02013,CSG-E02014
CSG-E02014,CSG-E02015
CSG-E02015,CSG-E02016
CSG-E02016,CSG-E02017
CSG-E02017,CSG-E02018
CSG-E02018,CSG-E02019
CSG-E02019,CSG-E02020
CSG-E02020,CSG-E02021
CSG-E02021,CSG-E02022
CSG-E02022,CSG-E02023
CSG-E02023,CSG-E02024
CSG-E02024,CSG-E02025
CSG-E02025,CSG-E02026
ASG-008,CSG-E02013
ASG-114,CSG-E02026
CSG-E02027,CSG-E02028
CSG-E02028,CSG-E02029
CSG-E02029,CSG-E02030
CSG-E02030,CSG-E02031
CSG-E02031,CSG-E02032
CSG-E02032,CSG-E02033
CSG-E02033,CSG-E02034
CSG-E02034,CSG-E02035
ASG-054,CSG-E02027
ASG-025,CSG-E02035
CSG-E02036,CSG-E02037
CSG-E02037,CSG-E02038
CSG-E02038,CSG-E02039
CSG-E02039,CSG-E02040
CSG-E02040,CSG-E02041
ASG-077,CSG-E02036
ASG-113,CSG-E02041
CSG-E02042,CSG-E02043
CSG-E02043,CSG-E02044
CSG-E02044,CSG-E02045
CSG-E02045,CSG-E02046
CSG-E02046,CSG-E02047
CSG-E02047,CSG-E02048
CSG-E02048,CSG-E02049
CSG-E02049,CSG-E02050
CSG-E02050,CSG-E02051
CSG-E02051,CSG-E02052
CSG-E02052,CSG-E02053
CSG-E02053,CSG-E02054
CSG-E02054,CSG-E02055
ASG-088,CSG-E02042
ASG-081,CSG-E02055
CSG-E02056,CSG-E02057
CSG-E02057,CSG-E02058
CSG-E02058,CSG-E02059
CSG-E02059,CSG-E02060
CSG-E02060,CSG-E02061
CSG-E02061,CSG-E02062
CSG-E02062,CSG-E02063
CSG-E02063,CSG-E02064
CSG-E02064,CSG-E02065
CSG-E02065,CSG-E02066
CSG-E02066,CSG-E02067
CSG-E02067,CSG-E02068
ASG-066,CSG-E02056
ASG-009,CSG-E02068
CSG-E02069,CSG-E02070
CSG-E02070,CSG-E02071
CSG-E02071,CSG-E02072
CSG-E02072,CSG-E02073
CSG-E02073,CSG-E02074
CSG-E02074,CSG-E02075
CSG-E02075,CSG-E02076
CSG-E02076,CSG-E02077
CSG-E02077,CSG-E02078
CSG-E02078,CSG-E02079
CSG-E02079,CSG-E02080
CSG-E02080,CSG-E02081
ASG-074,CSG-E02069
ASG-074,CSG-E02081
CSG-E02082,CSG-E02083
CSG-E02083,CSG-E02084
CSG-E02084,CSG-E02085
CSG-E02085,CSG-E02086
CSG-E02086,CSG-E02087
CSG-E02087,CSG-E02088
ASG-102,CSG-E02082
ASG-102,CSG-E02088
CSG-E02089,CSG-E02090
CSG-E02090,CSG-E02091
CSG-E02091,CSG-E02092
CSG-E02092,CSG-E02093
CSG-E02093,CSG-E02094
CSG-E02094,CSG-E02095
CSG-E02095,CSG-E02096
CSG-E02096,CSG-E02097
CSG-E02097,CSG-E02098
CSG-E02098,CSG-E02099
CSG-E02099,CSG-E02100
CSG-E02100,CSG-E02101
CSG-E02101,CSG-E02102
ASG-036,CSG-E02089
ASG-055,CSG-E02102
CSG-E02103,CSG-E02104
CSG-E02104,CSG-E02105
CSG-E02105,CSG-E02106
CSG-E02106,CSG-E02107
CSG-E02107,CSG-E02108
CSG-E02108,CSG-E02109
CSG-E02109,CSG-E02110
CSG-E02110,CSG-E02111
CSG-E02111,CSG-E02112
CSG-E02112,CSG-E02113
CSG-E02113,CSG-E02114
CSG-E02114,CSG-E02115
CSG-E02115,CSG-E02116
ASG-005,CSG-E02103
ASG-114,CSG-E02116
CSG-E02117,CSG-E02118
CSG-E02118,CSG-E02119
CSG-E02119,CSG-E02120
CSG-E02120,CSG-E02121
CSG-E02121,CSG-E02122
CSG-E02122,CSG-E02123
CSG-E02123,CSG-E02124
CSG-E02124,CSG-E02125
CSG-E02125,CSG-E02126
ASG-072,CSG-E02117
ASG-072,CSG-E02126
CSG-E02127,CSG-E02128
CSG-E02128,CSG-E02129
CSG-E02129,CSG-E02130
CSG-E02130,CSG-E02131
CSG-E02131,CSG-E02132
CSG-E02132,CSG-E02133
CSG-E02133,CSG-E02134
CSG-E02134,CSG-E02135
ASG-008,CSG-E02127
ASG-001,CSG-E02135
CSG-E02136,CSG-E02137
CSG-E02137,CSG-E02138
CSG-E02138,CSG-E02139
CSG-E02139,CSG-E02140
CSG-E02140,CSG-E02141
CSG-E02141,CSG-E02142
ASG-061,CSG-E02136
ASG-052,CSG-E02142
CSG-E02143,CSG-E02144
CSG-E02144,CSG-E02145
CSG-E02145,CSG-E02146
CSG-E02146,CSG-E02147
CSG-E02147,CSG-E02148
CSG-E02148,CSG-E02149
CSG-E02149,CSG-E02150
CSG-E02150,CSG-E02151
CSG-E02151,CSG-E02152
CSG-E02152,CSG-E02153
CSG-E02153,CSG-E02154
CSG-E02154,CSG-E02155
CSG-E02155,CSG-E02156
CSG-E02156,CSG-E02157
CSG-E02157,CSG-E02158
ASG-035,CSG-E02143
ASG-014,CSG-E02158
CSG-E02159,CSG-E02160
CSG-E02160,CSG-E02161
CSG-E02161,CSG-E02162
CSG-E02162,CSG-E02163
CSG-E02163,CSG-E02164
ASG-086,CSG-E02159
ASG-093,CSG-E02164
CSG-E02165,CSG-E02166
CSG-E02166,CSG-E02167
CSG-E02167,CSG-E02168
CSG-E02168,CSG-E02169
CSG-E02169,CSG-E02170
CSG-E02170,CSG-E02171
CSG-E02171,CSG-E02172
ASG-065,CSG-E02165
ASG-069,CSG-E02172
CSG-E02173,CSG-E02174
CSG-E02174,CSG-E02175
CSG-E02175,CSG-E02176
CSG-E02176,CSG-E02177
CSG-E02177,CSG-E02178
CSG-E02178,CSG-E02179
ASG-041,CSG-E02173
ASG-053,CSG-E02179
CSG-E02180,CSG-E02181
CSG-E02181,CSG-E02182
CSG-E02182,CSG-E02183
CSG-E02183,CSG-E02184
CSG-E02184,CSG-E02185
CSG-E02185,CSG-E02186
CSG-E02186,CSG-E02187
CSG-E02187,CSG-E02188
CSG-E02188,CSG-E02189
CSG-E02189,CSG-E02190
CSG-E02190,CSG-E02191
CSG-E02191,CSG-E02192
CSG-E02192,CSG-E02193
ASG-008,CSG-E02180
ASG-114,CSG-E02193
CSG-E02194,CSG-E02195
CSG-E02195,CSG-E02196
CSG-E02196,CSG-E02197
CSG-E02197,CSG-E02198
CSG-E02198,CSG-E02199
CSG-E02199,CSG-E02200
CSG-E02200,CSG-E02201
CSG-E02201,CSG-E02202
CSG-E02202,CSG-E02203
CSG-E02203,CSG-E02204
CSG-E02204,CSG-E02205
CSG-E02205,CSG-E02206
CSG-E02206,CSG-E02207
CSG-E02207,CSG-E02208
ASG-090,CSG-E02194
ASG-090,CSG-E02208
CSG-E02209,CSG-E02210
CSG-E02210,CSG-E02211
CSG-E02211,CSG-E02212
CSG-E02212,CSG-E02213
CSG-E02213,CSG-E02214
CSG-E02214,CSG-E02215
CSG-E02215,CSG-E02216
CSG-E02216,CSG-E02217
CSG-E02217,CSG-E02218
CSG-E02218,CSG-E02219
ASG-068,CSG-E02209
ASG-068,CSG-E02219
CSG-E02220,CSG-E02221
CSG-E02221,CSG-E02222
CSG-E02222,CSG-E02223
CSG-E02223,CSG-E02224
CSG-E02224,CSG-E02225
CSG-E02225,CSG-E02226
CSG-E02226,CSG-E02227
CSG-E02227,CSG-E02228
CSG-E02228,CSG-E02229
CSG-E02229,CSG-E02230
CSG-E02230,CSG-E02231
CSG-E02231,CSG-E02232
CSG-E02232,CSG-E02233
ASG-116,CSG-E02220
ASG-022,CSG-E02233
CSG-E02234,CSG-E02235
CSG-E02235,CSG-E02236
CSG-E02236,CSG-E02237
CSG-E02237,CSG-E02238
CSG-E02238,CSG-E02239
CSG-E02239,CSG-E02240
CSG-E02240,CSG-E02241
CSG-E02241,CSG-E02242
CSG-E02242,CSG-E02243
CSG-E02243,CSG-E02244
CSG-E02244,CSG-E02245
CSG-E02245,CSG-E02246
CSG-E02246,CSG-E02247
CSG-E02247,CSG-E02248
CSG-E02248,CSG-E02249
ASG-002,CSG-E02234
ASG-002,CSG-E02249
CSG-E02250,CSG-E02251
CSG-E02251,CSG-E02252
CSG-E02252,CSG-E02253
CSG-E02253,CSG-E02254
CSG-E02254,CSG-E02255
ASG-080,CSG-E02250
ASG-069,CSG-E02255
CSG-E02256,CSG-E02257
CSG-E02257,CSG-E02258
CSG-E02258,CSG-E02259
CSG-E02259,CSG-E02260
CSG-E02260,CSG-E02261
ASG-002,CSG-E02256
ASG-094,CSG-E02261
CSG-E02262,CSG-E02263
CSG-E02263,CSG-E02264
CSG-E02264,CSG-E02265
CSG-E02265,CSG-E02266
CSG-E02266,CSG-E02267
ASG-033,CSG-E02262
ASG-006,CSG-E02267
CSG-E02268,CSG-E02269
CSG-E02269,CSG-E02270
CSG-E02270,CSG-E02271
CSG-E02271,CSG-E02272
CSG-E02272,CSG-E02273
CSG-E02273,CSG-E02274
CSG-E02274,CSG-E02275
CSG-E02275,CSG-E02276
CSG-E02276,CSG-E02277
ASG-119,CSG-E02268
ASG-119,CSG-E02277
CSG-E02278,CSG-E02279
CSG-E02279,CSG-E02280
CSG-E02280,CSG-E02281
CSG-E02281,CSG-E02282
CSG-E02282,CSG-E02283
CSG-E02283,CSG-E02284
CSG-E02284,CSG-E02285
CSG-E02285,CSG-E02286
CSG-E02286,CSG-E02287
ASG-095,CSG-E02278
ASG-095,CSG-E02287
CSG-E02288,CSG-E02289
CSG-E02289,CSG-E02290
CSG-E02290,CSG-E02291
CSG-E02291,CSG-E02292
CSG-E02292,CSG-E02293
CSG-E02293,CSG-E02294
CSG-E02294,CSG-E02295
ASG-062,CSG-E02288
ASG-112,CSG-E02295
CSG-E02296,CSG-E02297
CSG-E02297,CSG-E02298
CSG-E02298,CSG-E02299
CSG-E02299,CSG-E02300
CSG-E02300,CSG-E02301
CSG-E02301,CSG-E02302
CSG-E02302,CSG-E02303
CSG-E02303,CSG-E02304
CSG-E02304,CSG-E02305
CSG-E02305,CSG-E02306
CSG-E02306,CSG-E02307
CSG-E02307,CSG-E02308
ASG-107,CSG-E02296
ASG-107,CSG-E02308
CSG-E02309,CSG-E02310
CSG-E02310,CSG-E02311
CSG-E02311,CSG-E02312
CSG-E02312,CSG-E02313
CSG-E02313,CSG-E02314
CSG-E02314,CSG-E02315
CSG-E02315,CSG-E02316
CSG-E02316,CSG-E02317
CSG-E02317,CSG-E02318
CSG-E02318,CSG-E02319
CSG-E02319,CSG-E02320
CSG-E02320,CSG-E02321
CSG-E02321,CSG-E02322
CSG-E02322,CSG-E02323
CSG-E02323,CSG-E02324
ASG-063,CSG-E02309
ASG-063,CSG-E02324
CSG-E02325,CSG-E02326
CSG-E02326,CSG-E02327
CSG-E02327,CSG-E02328
CSG-E02328,CSG-E02329
CSG-E02329,CSG-E02330
CSG-E02330,CSG-E02331
CSG-E02331,CSG-E02332
CSG-E02332,CSG-E02333
CSG-E02333,CSG-E02334
CSG-E02334,CSG-E02335
ASG-029,CSG-E02325
ASG-083,CSG-E02335
CSG-E02336,CSG-E02337
CSG-E02337,CSG-E02338
CSG-E02338,CSG-E02339
CSG-E02339,CSG-E02340
CSG-E02340,CSG-E02341
CSG-E02341,CSG-E02342
CSG-E02342,CSG-E02343
ASG-059,CSG-E02336
ASG-095,CSG-E02343
CSG-E02344,CSG-E02345
CSG-E02345,CSG-E02346
CSG-E02346,CSG-E02347
CSG-E02347,CSG-E02348
CSG-E02348,CSG-E02349
CSG-E02349,CSG-E02350
CSG-E02350,CSG-E02351
CSG-E02351,CSG-E02352
CSG-E02352,CSG-E02353
CSG-E02353,CSG-E02354
ASG-073,CSG-E02344
ASG-056,CSG-E02354
CSG-E02355,CSG-E02356
CSG-E02356,CSG-E02357
CSG-E02357,CSG-E02358
CSG-E02358,CSG-E02359
CSG-E02359,CSG-E02360
CSG-E02360,CSG-E02361
CSG-E02361,CSG-E02362
CSG-E02362,CSG-E02363
CSG-E02363,CSG-E02364
CSG-E02364,CSG-E02365
CSG-E02365,CSG-E02366
CSG-E02366,CSG-E02367
CSG-E02367,CSG-E02368
CSG-E02368,CSG-E02369
CSG-E02369,CSG-E02370
ASG-041,CSG-E02355
ASG-096,CSG-E02370
CSG-E02371,CSG-E02372
CSG-E02372,CSG-E02373
CSG-E02373,CSG-E02374
CSG-E02374,CSG-E02375
CSG-E02375,CSG-E02376
CSG-E02376,CSG-E02377
CSG-E02377,CSG-E02378
ASG-087,CSG-E02371
ASG-070,CSG-E02378
CSG-E02379,CSG-E02380
CSG-E02380,CSG-E02381
CSG-E02381,CSG-E02382
CSG-E02382,CSG-E02383
CSG-E02383,CSG-E02384
CSG-E02384,CSG-E02385
CSG-E02385,CSG-E02386
CSG-E02386,CSG-E02387
CSG-E02387,CSG-E02388
CSG-E02388,CSG-E02389
ASG-017,CSG-E02379
ASG-047,CSG-E02389
CSG-E02390,CSG-E02391
CSG-E02391,CSG-E02392
CSG-E02392,CSG-E02393
CSG-E02393,CSG-E02394
CSG-E02394,CSG-E02395
CSG-E02395,CSG-E02396
CSG-E02396,CSG-E02397
CSG-E02397,CSG-E02398
CSG-E02398,CSG-E02399
CSG-E02399,CSG-E02400
ASG-037,CSG-E02390
ASG-110,CSG-E02400
CSG-E02401,CSG-E02402
CSG-E02402,CSG-E02403
CSG-E02403,CSG-E02404
CSG-E02404,CSG-E02405
CSG-E02405,CSG-E02406
CSG-E02406,CSG-E02407
CSG-E02407,CSG-E02408
ASG-118,CSG-E02401
ASG-037,CSG-E02408
CSG-E02409,CSG-E02410
CSG-E02410,CSG-E02411
CSG-E02411,CSG-E02412
CSG-E02412,CSG-E02413
CSG-E02413,CSG-E02414
CSG-E02414,CSG-E02415
CSG-E02415,CSG-E02416
CSG-E02416,CSG-E02417
CSG-E02417,CSG-E02418
ASG-008,CSG-E02409
ASG-008,CSG-E02418
CSG-E02419,CSG-E02420
CSG-E02420,CSG-E02421
CSG-E02421,CSG-E02422
CSG-E02422,CSG-E02423
CSG-E02423,CSG-E02424
CSG-E02424,CSG-E02425
CSG-E02425,CSG-E02426
CSG-E02426,CSG-E02427
CSG-E02427,CSG-E02428
CSG-E02428,CSG-E02429
CSG-E02429,CSG-E02430
CSG-E02430,CSG-E02431
ASG-022,CSG-E02419
ASG-089,CSG-E02431
CSG-E02432,CSG-E02433
CSG-E02433,CSG-E02434
CSG-E02434,CSG-E02435
CSG-E02435,CSG-E02436
CSG-E02436,CSG-E02437
CSG-E02437,CSG-E02438
CSG-E02438,CSG-E02439
CSG-E02439,CSG-E02440
CSG-E02440,CSG-E02441
ASG-093,CSG-E02432
ASG-093,CSG-E02441
CSG-E02442,CSG-E02443
CSG-E02443,CSG-E02444
CSG-E02444,CSG-E02445
CSG-E02445,CSG-E02446
CSG-E02446,CSG-E02447
CSG-E02447,CSG-E02448
CSG-E02448,CSG-E02449
CSG-E02449,CSG-E02450
CSG-E02450,CSG-E02451
CSG-E02451,CSG-E02452
ASG-036,CSG-E02442
ASG-031,CSG-E02452
CSG-E02453,CSG-E02454
CSG-E02454,CSG-E02455
CSG-E02455,CSG-E02456
CSG-E02456,CSG-E02457
CSG-E02457,CSG-E02458
CSG-E02458,CSG-E02459
CSG-E02459,CSG-E02460
CSG-E02460,CSG-E02461
ASG-057,CSG-E02453
ASG-057,CSG-E02461
CSG-E02462,CSG-E02463
CSG-E02463,CSG-E02464
CSG-E02464,CSG-E02465
CSG-E02465,CSG-E02466
CSG-E02466,CSG-E02467
CSG-E02467,CSG-E02468
CSG-E02468,CSG-E02469
CSG-E02469,CSG-E02470
ASG-116,CSG-E02462
ASG-022,CSG-E02470
CSG-E02471,CSG-E02472
CSG-E02472,CSG-E02473
CSG-E02473,CSG-E02474
CSG-E02474,CSG-E02475
CSG-E02475,CSG-E02476
CSG-E02476,CSG-E02477
CSG-E02477,CSG-E02478
CSG-E02478,CSG-E02479
CSG-E02479,CSG-E02480
CSG-E02480,CSG-E02481
ASG-017,CSG-E02471
ASG-012,CSG-E02481
CSG-E02482,CSG-E02483
CSG-E02483,CSG-E02484
CSG-E02484,CSG-E02485
CSG-E02485,CSG-E02486
CSG-E02486,CSG-E02487
CSG-E02487,CSG-E02488
CSG-E02488,CSG-E02489
ASG-119,CSG-E02482
ASG-098,CSG-E02489
CSG-E02490,CSG-E02491
CSG-E02491,CSG-E02492
CSG-E02492,CSG-E02493
CSG-E02493,CSG-E02494
CSG-E02494,CSG-E02495
CSG-E02495,CSG-E02496
CSG-E02496,CSG-E02497
CSG-E02497,CSG-E02498
CSG-E02498,CSG-E02499
CSG-E02499,CSG-E02500
CSG-E02500,CSG-E02501
CSG-E02501,CSG-E02502
ASG-020,CSG-E02490
ASG-020,CSG-E02502
CSG-E02503,CSG-E02504
CSG-E02504,CSG-E02505
CSG-E02505,CSG-E02506
CSG-E02506,CSG-E02507
CSG-E02507,CSG-E02508
CSG-E02508,CSG-E02509
CSG-E02509,CSG-E02510
CSG-E02510,CSG-E02511
CSG-E02511,CSG-E02512
CSG-E02512,CSG-E02513
ASG-042,CSG-E02503
ASG-023,CSG-E02513
CSG-E02514,CSG-E02515
CSG-E02515,CSG-E02516
CSG-E02516,CSG-E02517
CSG-E02517,CSG-E02518
CSG-E02518,CSG-E02519
CSG-E02519,CSG-E02520
CSG-E02520,CSG-E02521
ASG-082,CSG-E02514
ASG-109,CSG-E02521
CSG-E02522,CSG-E02523
CSG-E02523,CSG-E02524
CSG-E02524,CSG-E02525
CSG-E02525,CSG-E02526
CSG-E02526,CSG-E02527
CSG-E02527,CSG-E02528
CSG-E02528,CSG-E02529
CSG-E02529,CSG-E02530
CSG-E02530,CSG-E02531
CSG-E02531,CSG-E02532
CSG-E02532,CSG-E02533
ASG-068,CSG-E02522
ASG-046,CSG-E02533
CSG-E02534,CSG-E02535
CSG-E02535,CSG-E02536
CSG-E02536,CSG-E02537
CSG-E02537,CSG-E02538
CSG-E02538,CSG-E02539
CSG-E02539,CSG-E02540
CSG-E02540,CSG-E02541
CSG-E02541,CSG-E02542
CSG-E02542,CSG-E02543
CSG-E02543,CSG-E02544
CSG-E02544,CSG-E02545
CSG-E02545,CSG-E02546
CSG-E02546,CSG-E02547
ASG-057,CSG-E02534
ASG-027,CSG-E02547
CSG-E02548,CSG-E02549
CSG-E02549,CSG-E02550
CSG-E02550,CSG-E02551
CSG-E02551,CSG-E02552
CSG-E02552,CSG-E02553
CSG-E02553,CSG-E02554
CSG-E02554,CSG-E02555
ASG-019,CSG-E02548
ASG-087,CSG-E02555
CSG-E02556,CSG-E02557
CSG-E02557,CSG-E02558
CSG-E02558,CSG-E02559
CSG-E02559,CSG-E02560
CSG-E02560,CSG-E02561
CSG-E02561,CSG-E02562
CSG-E02562,CSG-E02563
CSG-E02563,CSG-E02564
CSG-E02564,CSG-E02565
ASG-039,CSG-E02556
ASG-040,CSG-E02565
CSG-E02566,CSG-E02567
CSG-E02567,CSG-E02568
CSG-E02568,CSG-E02569
CSG-E02569,CSG-E02570
CSG-E02570,CSG-E02571
CSG-E02571,CSG-E02572
CSG-E02572,CSG-E02573
CSG-E02573,CSG-E02574
CSG-E02574,CSG-E02575
CSG-E02575,CSG-E02576
CSG-E02576,CSG-E02577
ASG-016,CSG-E02566
ASG-016,CSG-E02577
CSG-E02578,CSG-E02579
CSG-E02579,CSG-E02580
CSG-E02580,CSG-E02581
CSG-E02581,CSG-E02582
CSG-E02582,CSG-E02583
CSG-E02583,CSG-E02584
CSG-E02584,CSG-E02585
CSG-E02585,CSG-E02586
CSG-E02586,CSG-E02587
CSG-E02587,CSG-E02588
ASG-099,CSG-E02578
ASG-099,CSG-E02588
CSG-E02589,CSG-E02590
CSG-E02590,CSG-E02591
CSG-E02591,CSG-E02592
CSG-E02592,CSG-E02593
CSG-E02593,CSG-E02594
CSG-E02594,CSG-E02595
CSG-E02595,CSG-E02596
CSG-E02596,CSG-E02597
CSG-E02597,CSG-E02598
CSG-E02598,CSG-E02599
CSG-E02599,CSG-E02600
CSG-E02600,CSG-E02601
CSG-E02601,CSG-E02602
ASG-098,CSG-E02589
ASG-119,CSG-E02602
CSG-E02603,CSG-E02604
CSG-E02604,CSG-E02605
CSG-E02605,CSG-E02606
CSG-E02606,CSG-E02607
CSG-E02607,CSG-E02608
ASG-115,CSG-E02603
ASG-001,CSG-E02608
CSG-E02609,CSG-E02610
CSG-E02610,CSG-E02611
CSG-E02611,CSG-E02612
CSG-E02612,CSG-E02613
CSG-E02613,CSG-E02614
CSG-E02614,CSG-E02615
CSG-E02615,CSG-E02616
CSG-E02616,CSG-E02617
CSG-E02617,CSG-E02618
CSG-E02618,CSG-E02619
CSG-E02619,CSG-E02620
CSG-E02620,CSG-E02621
CSG-E02621,CSG-E02622
CSG-E02622,CSG-E02623
ASG-054,CSG-E02609
ASG-025,CSG-E02623
CSG-E02624,CSG-E02625
CSG-E02625,CSG-E02626
CSG-E02626,CSG-E02627
CSG-E02627,CSG-E02628
CSG-E02628,CSG-E02629
CSG-E02629,CSG-E02630
CSG-E02630,CSG-E02631
CSG-E02631,CSG-E02632
ASG-005,CSG-E02624
ASG-005,CSG-E02632
CSG-E02633,CSG-E02634
CSG-E02634,CSG-E02635
CSG-E02635,CSG-E02636
CSG-E02636,CSG-E02637
CSG-E02637,CSG-E02638
CSG-E02638,CSG-E02639
CSG-E02639,CSG-E02640
CSG-E02640,CSG-E02641
CSG-E02641,CSG-E02642
CSG-E02642,CSG-E02643
CSG-E02643,CSG-E02644
CSG-E02644,CSG-E02645
CSG-E02645,CSG-E02646
CSG-E02646,CSG-E02647
CSG-E02647,CSG-E02648
ASG-062,CSG-E02633
ASG-062,CSG-E02648
CSG-E02649,CSG-E02650
CSG-E02650,CSG-E02651
CSG-E02651,CSG-E02652
CSG-E02652,CSG-E02653
CSG-E02653,CSG-E02654
CSG-E02654,CSG-E02655
CSG-E02655,CSG-E02656
CSG-E02656,CSG-E02657
CSG-E02657,CSG-E02658
ASG-058,CSG-E02649
ASG-058,CSG-E02658
CSG-E02659,CSG-E02660
CSG-E02660,CSG-E02661
CSG-E02661,CSG-E02662
CSG-E02662,CSG-E02663
CSG-E02663,CSG-E02664
CSG-E02664,CSG-E02665
CSG-E02665,CSG-E02666
ASG-029,CSG-E02659
ASG-029,CSG-E02666
CSG-E02667,CSG-E02668
CSG-E02668,CSG-E02669
CSG-E02669,CSG-E02670
CSG-E02670,CSG-E02671
CSG-E02671,CSG-E02672
CSG-E02672,CSG-E02673
CSG-E02673,CSG-E02674
ASG-047,CSG-E02667
ASG-047,CSG-E02674
CSG-E02675,CSG-E02676
CSG-E02676,CSG-E02677
CSG-E02677,CSG-E02678
CSG-E02678,CSG-E02679
CSG-E02679,CSG-E02680
CSG-E02680,CSG-E02681
CSG-E02681,CSG-E02682
CSG-E02682,CSG-E02683
CSG-E02683,CSG-E02684
CSG-E02684,CSG-E02685
CSG-E02685,CSG-E02686
CSG-E02686,CSG-E02687
CSG-E02687,CSG-E02688
CSG-E02688,CSG-E02689
CSG-E02689,CSG-E02690
ASG-069,CSG-E02675
ASG-069,CSG-E02690
CSG-E02691,CSG-E02692
CSG-E02692,CSG-E02693
CSG-E02693,CSG-E02694
CSG-E02694,CSG-E02695
CSG-E02695,CSG-E02696
ASG-010,CSG-E02691
ASG-010,CSG-E02696
CSG-E02697,CSG-E02698
CSG-E02698,CSG-E02699
CSG-E02699,CSG-E02700
CSG-E02700,CSG-E02701
CSG-E02701,CSG-E02702
CSG-E02702,CSG-E02703
CSG-E02703,CSG-E02704
CSG-E02704,CSG-E02705
ASG-074,CSG-E02697
ASG-074,CSG-E02705
CSG-E02706,CSG-E02707
CSG-E02707,CSG-E02708
CSG-E02708,CSG-E02709
CSG-E02709,CSG-E02710
CSG-E02710,CSG-E02711
ASG-054,CSG-E02706
ASG-023,CSG-E02711
CSG-E02712,CSG-E02713
CSG-E02713,CSG-E02714
CSG-E02714,CSG-E02715
CSG-E02715,CSG-E02716
CSG-E02716,CSG-E02717
CSG-E02717,CSG-E02718
CSG-E02718,CSG-E02719
CSG-E02719,CSG-E02720
CSG-E02720,CSG-E02721
CSG-E02721,CSG-E02722
CSG-E02722,CSG-E02723
CSG-E02723,CSG-E02724
CSG-E02724,CSG-E02725
CSG-E02725,CSG-E02726
ASG-104,CSG-E02712
ASG-104,CSG-E02726
CSG-E02727,CSG-E02728
CSG-E02728,CSG-E02729
CSG-E02729,CSG-E02730
CSG-E02730,CSG-E02731
CSG-E02731,CSG-E02732
CSG-E02732,CSG-E02733
CSG-E02733,CSG-E02734
CSG-E02734,CSG-E02735
CSG-E02735,CSG-E02736
CSG-E02736,CSG-E02737
ASG-103,CSG-E02727
ASG-016,CSG-E02737
CSG-E02738,CSG-E02739
CSG-E02739,CSG-E02740
CSG-E02740,CSG-E02741
CSG-E02741,CSG-E02742
CSG-E02742,CSG-E02743
ASG-027,CSG-E02738
ASG-090,CSG-E02743
CSG-E02744,CSG-E02745
CSG-E02745,CSG-E02746
CSG-E02746,CSG-E02747
CSG-E02747,CSG-E02748
CSG-E02748,CSG-E02749
CSG-E02749,CSG-E02750
CSG-E02750,CSG-E02751
CSG-E02751,CSG-E02752
ASG-002,CSG-E02744
ASG-002,CSG-E02752
CSG-E02753,CSG-E02754
CSG-E02754,CSG-E02755
CSG-E02755,CSG-E02756
CSG-E02756,CSG-E02757
CSG-E02757,CSG-E02758
ASG-111,CSG-E02753
ASG-111,CSG-E02758
CSG-E02759,CSG-E02760
CSG-E02760,CSG-E02761
CSG-E02761,CSG-E02762
CSG-E02762,CSG-E02763
CSG-E02763,CSG-E02764
CSG-E02764,CSG-E02765
CSG-E02765,CSG-E02766
CSG-E02766,CSG-E02767
CSG-E02767,CSG-E02768
CSG-E02768,CSG-E02769
CSG-E02769,CSG-E02770
CSG-E02770,CSG-E02771
CSG-E02771,CSG-E02772
CSG-E02772,CSG-E02773
ASG-023,CSG-E02759
ASG-023,CSG-E02773
CSG-E02774,CSG-E02775
CSG-E02775,CSG-E02776
CSG-E02776,CSG-E02777
CSG-E02777,CSG-E02778
CSG-E02778,CSG-E02779
CSG-E02779,CSG-E02780
CSG-E02780,CSG-E02781
CSG-E02781,CSG-E02782
CSG-E02782,CSG-E02783
CSG-E02783,CSG-E02784
CSG-E02784,CSG-E02785
CSG-E02785,CSG-E02786
CSG-E02786,CSG-E02787
CSG-E02787,CSG-E02788
ASG-019,CSG-E02774
ASG-087,CSG-E02788
CSG-E02789,CSG-E02790
CSG-E02790,CSG-E02791
CSG-E02791,CSG-E02792
CSG-E02792,CSG-E02793
CSG-E02793,CSG-E02794
CSG-E02794,CSG-E02795
CSG-E02795,CSG-E02796
CSG-E02796,CSG-E02797
CSG-E02797,CSG-E02798
ASG-019,CSG-E02789
ASG-019,CSG-E02798
CSG-E02799,CSG-E02800
CSG-E02800,CSG-E02801
CSG-E02801,CSG-E02802
CSG-E02802,CSG-E02803
CSG-E02803,CSG-E02804
CSG-E02804,CSG-E02805
CSG-E02805,CSG-E02806
ASG-024,CSG-E02799
ASG-024,CSG-E02806
CSG-E02807,CSG-E02808
CSG-E02808,CSG-E02809
CSG-E02809,CSG-E02810
CSG-E02810,CSG-E02811
CSG-E02811,CSG-E02812
CSG-E02812,CSG-E02813
CSG-E02813,CSG-E02814
CSG-E02814,CSG-E02815
CSG-E02815,CSG-E02816
CSG-E02816,CSG-E02817
CSG-E02817,CSG-E02818
CSG-E02818,CSG-E02819
CSG-E02819,CSG-E02820
CSG-E02820,CSG-E02821
CSG-E02821,CSG-E02822
ASG-099,CSG-E02807
ASG-099,CSG-E02822
CSG-E02823,CSG-E02824
CSG-E02824,CSG-E02825
CSG-E02825,CSG-E02826
CSG-E02826,CSG-E02827
CSG-E02827,CSG-E02828
CSG-E02828,CSG-E02829
CSG-E02829,CSG-E02830
CSG-E02830,CSG-E02831
CSG-E02831,CSG-E02832
CSG-E02832,CSG-E02833
CSG-E02833,CSG-E02834
CSG-E02834,CSG-E02835
CSG-E02835,CSG-E02836
ASG-041,CSG-E02823
ASG-096,CSG-E02836
CSG-E02837,CSG-E02838
CSG-E02838,CSG-E02839
CSG-E02839,CSG-E02840
CSG-E02840,CSG-E02841
CSG-E02841,CSG-E02842
CSG-E02842,CSG-E02843
CSG-E02843,CSG-E02844
CSG-E02844,CSG-E02845
CSG-E02845,CSG-E02846
ASG-106,CSG-E02837
ASG-014,CSG-E02846
CSG-E02847,CSG-E02848
CSG-E02848,CSG-E02849
CSG-E02849,CSG-E02850
CSG-E02850,CSG-E02851
CSG-E02851,CSG-E02852
CSG-E02852,CSG-E02853
ASG-042,CSG-E02847
ASG-042,CSG-E02853
CSG-E02854,CSG-E02855
CSG-E02855,CSG-E02856
CSG-E02856,CSG-E02857
CSG-E02857,CSG-E02858
CSG-E02858,CSG-E02859
CSG-E02859,CSG-E02860
CSG-E02860,CSG-E02861
CSG-E02861,CSG-E02862
ASG-015,CSG-E02854
ASG-076,CSG-E02862
CSG-E02863,CSG-E02864
CSG-E02864,CSG-E02865
CSG-E02865,CSG-E02866
CSG-E02866,CSG-E02867
CSG-E02867,CSG-E02868
CSG-E02868,CSG-E02869
CSG-E02869,CSG-E02870
CSG-E02870,CSG-E02871
CSG-E02871,CSG-E02872
CSG-E02872,CSG-E02873
CSG-E02873,CSG-E02874
ASG-070,CSG-E02863
ASG-087,CSG-E02874
CSG-E02875,CSG-E02876
CSG-E02876,CSG-E02877
CSG-E02877,CSG-E02878
CSG-E02878,CSG-E02879
CSG-E02879,CSG-E02880
CSG-E02880,CSG-E02881
CSG-E02881,CSG-E02882
ASG-082,CSG-E02875
ASG-109,CSG-E02882
CSG-E02883,CSG-E02884
CSG-E02884,CSG-E02885
CSG-E02885,CSG-E02886
CSG-E02886,CSG-E02887
CSG-E02887,CSG-E02888
CSG-E02888,CSG-E02889
CSG-E02889,CSG-E02890
CSG-E02890,CSG-E02891
CSG-E02891,CSG-E02892
CSG-E02892,CSG-E02893
CSG-E02893,CSG-E02894
CSG-E02894,CSG-E02895
ASG-093,CSG-E02883
ASG-086,CSG-E02895
CSG-E02896,CSG-E02897
CSG-E02897,CSG-E02898
CSG-E02898,CSG-E02899
CSG-E02899,CSG-E02900
CSG-E02900,CSG-E02901
CSG-E02901,CSG-E02902
CSG-E02902,CSG-E02903
CSG-E02903,CSG-E02904
CSG-E02904,CSG-E02905
CSG-E02905,CSG-E02906
CSG-E02906,CSG-E02907
CSG-E02907,CSG-E02908
CSG-E02908,CSG-E02909
CSG-E02909,CSG-E02910
ASG-082,CSG-E02896
ASG-109,CSG-E02910
CSG-E02911,CSG-E02912
CSG-E02912,CSG-E02913
CSG-E02913,CSG-E02914
CSG-E02914,CSG-E02915
CSG-E02915,CSG-E02916
CSG-E02916,CSG-E02917
CSG-E02917,CSG-E02918
CSG-E02918,CSG-E02919
CSG-E02919,CSG-E02920
CSG-E02920,CSG-E02921
CSG-E02921,CSG-E02922
ASG-109,CSG-E02911
ASG-094,CSG-E02922
CSG-E02923,CSG-E02924
CSG-E02924,CSG-E02925
CSG-E02925,CSG-E02926
CSG-E02926,CSG-E02927
CSG-E02927,CSG-E02928
ASG-049,CSG-E02923
ASG-084,CSG-E02928
CSG-E02929,CSG-E02930
CSG-E02930,CSG-E02931
CSG-E02931,CSG-E02932
CSG-E02932,CSG-E02933
CSG-E02933,CSG-E02934
CSG-E02934,CSG-E02935
CSG-E02935,CSG-E02936
CSG-E02936,CSG-E02937
CSG-E02937,CSG-E02938
CSG-E02938,CSG-E02939
CSG-E02939,CSG-E02940
CSG-E02940,CSG-E02941
CSG-E02941,CSG-E02942
ASG-090,CSG-E02929
ASG-019,CSG-E02942
CSG-E02943,CSG-E02944
CSG-E02944,CSG-E02945
CSG-E02945,CSG-E02946
CSG-E02946,CSG-E02947
CSG-E02947,CSG-E02948
CSG-E02948,CSG-E02949
CSG-E02949,CSG-E02950
CSG-E02950,CSG-E02951
CSG-E02951,CSG-E02952
CSG-E02952,CSG-E02953
CSG-E02953,CSG-E02954
ASG-111,CSG-E02943
ASG-115,CSG-E02954
CSG-E02955,CSG-E02956
CSG-E02956,CSG-E02957
CSG-E02957,CSG-E02958
CSG-E02958,CSG-E02959
CSG-E02959,CSG-E02960
CSG-E02960,CSG-E02961
CSG-E02961,CSG-E02962
CSG-E02962,CSG-E02963
CSG-E02963,CSG-E02964
CSG-E02964,CSG-E02965
CSG-E02965,CSG-E02966
CSG-E02966,CSG-E02967
ASG-013,CSG-E02955
ASG-019,CSG-E02967
CSG-E02968,CSG-E02969
CSG-E02969,CSG-E02970
CSG-E02970,CSG-E02971
CSG-E02971,CSG-E02972
CSG-E02972,CSG-E02973
CSG-E02973,CSG-E02974
CSG-E02974,CSG-E02975
CSG-E02975,CSG-E02976
CSG-E02976,CSG-E02977
CSG-E02977,CSG-E02978
CSG-E02978,CSG-E02979
CSG-E02979,CSG-E02980
CSG-E02980,CSG-E02981
CSG-E02981,CSG-E02982
ASG-041,CSG-E02968
ASG-096,CSG-E02982
CSG-E02983,CSG-E02984
CSG-E02984,CSG-E02985
CSG-E02985,CSG-E02986
CSG-E02986,CSG-E02987
CSG-E02987,CSG-E02988
CSG-E02988,CSG-E02989
CSG-E02989,CSG-E02990
CSG-E02990,CSG-E02991
CSG-E02991,CSG-E02992
CSG-E02992,CSG-E02993
ASG-079,CSG-E02983
ASG-079,CSG-E02993
CSG-E02994,CSG-E02995
CSG-E02995,CSG-E02996
CSG-E02996,CSG-E02997
CSG-E02997,CSG-E02998
CSG-E02998,CSG-E02999
CSG-E02999,CSG-E03000
ASG-113,CSG-E02994
ASG-113,CSG-E03000
CSG-E00512,CSG-B0001
CSG-B0001,CSG-B0002
CSG-E02748,CSG-B0003
CSG-B0003,CSG-B0004
CSG-E01592,CSG-B0005
CSG-E02552,CSG-B0006
CSG-B0006,CSG-B0007
CSG-E02683,CSG-B0008
CSG-E01951,CSG-B0009
CSG-B0009,CSG-B0010
CSG-B0010,CSG-B0011
CSG-E00159,CSG-B0012
CSG-B0012,CSG-B0013
CSG-B0013,CSG-B0014
CSG-E00269,CSG-B0015
CSG-B0015,CSG-B0016
CSG-B0016,CSG-B0017
CSG-E02227,CSG-B0018
CSG-B0018,CSG-B0019
CSG-E02830,CSG-B0020
CSG-B0020,CSG-B0021
CSG-E00466,CSG-B0022
CSG-B0022,CSG-B0023
CSG-E00924,CSG-B0024
CSG-B0024,CSG-B0025
CSG-B0025,CSG-B0026
CSG-E02583,CSG-B0027
CSG-B0027,CSG-B0028
CSG-B0028,CSG-B0029
CSG-E02176,CSG-B0030
CSG-E00687,CSG-B0031
CSG-E02903,CSG-B0032
CSG-B0032,CSG-B0033
CSG-B0033,CSG-B0034
CSG-E01930,CSG-B0035
CSG-B0035,CSG-B0036
CSG-E00610,CSG-B0037
CSG-E01753,CSG-B0038
CSG-B0038,CSG-B0039
CSG-B0039,CSG-B0040
CSG-E02606,CSG-B0041
CSG-B0041,CSG-B0042
CSG-E02214,CSG-B0043
CSG-E01056,CSG-B0044
CSG-B0044,CSG-B0045
CSG-E01872,CSG-B0046
CSG-E01731,CSG-B0047
CSG-B0047,CSG-B0048
CSG-B0048,CSG-B0049
CSG-E01167,CSG-B0050
CSG-E02961,CSG-B0051
CSG-E00477,CSG-B0052
CSG-B0052,CSG-B0053
CSG-E00488,CSG-B0054
CSG-E01907,CSG-B0055
CSG-B0055,CSG-B0056
CSG-B0056,CSG-B0057
CSG-E01290,CSG-B0058
CSG-E02273,CSG-B0059
CSG-B0059,CSG-B0060
CSG-B0060,CSG-B0061
CSG-E02131,CSG-B0062
CSG-E01522,CSG-B0063
CSG-B0063,CSG-B0064
CSG-E02975,CSG-B0065
CSG-B0065,CSG-B0066
CSG-B0066,CSG-B0067
CSG-E01368,CSG-B0068
CSG-B0068,CSG-B0069
CSG-E00644,CSG-B0070
CSG-B0070,CSG-B0071
CSG-E00937,CSG-B0072
CSG-B0072,CSG-B0073
CSG-E00371,CSG-B0074
CSG-B0074,CSG-B0075
CSG-B0075,CSG-B0076
CSG-E02756,CSG-B0077
CSG-B0077,CSG-B0078
CSG-B0078,CSG-B0079
CSG-E00061,CSG-B0080
CSG-B0080,CSG-B0081
CSG-B0081,CSG-B0082
CSG-E00885,CSG-B0083
CSG-E01575,CSG-B0084
CSG-B0084,CSG-B0085
CSG-E02596,CSG-B0086
CSG-E00036,CSG-B0087
CSG-B0087,CSG-B0088
CSG-E00025,CSG-B0089
CSG-E01333,CSG-B0090
CSG-B0090,CSG-B0091
CSG-B0091,CSG-B0092
CSG-E02486,CSG-B0093
CSG-E02988,CSG-B0094
CSG-B0094,CSG-B0095
CSG-B0095,CSG-B0096
CSG-E01845,CSG-B0097
CSG-B0097,CSG-B0098
CSG-B0098,CSG-B0099
CSG-E00502,CSG-B0100
CSG-B0100,CSG-B0101
CSG-B0101,CSG-B0102
CSG-E01398,CSG-B0103
CSG-E02917,CSG-B0104
CSG-B0104,CSG-B0105
CSG-E02265,CSG-B0106
CSG-E00279,CSG-B0107
CSG-E01814,CSG-B0108
CSG-E02169,CSG-B0109
CSG-B0109,CSG-B0110
CSG-B0110,CSG-B0111
CSG-E00130,CSG-B0112
CSG-E01477,CSG-B0113
CSG-E02709,CSG-B0114
CSG-B0114,CSG-B0115
CSG-E01211,CSG-B0116
CSG-B0116,CSG-B0117
CSG-E01136,CSG-B0118
CSG-E00422,CSG-B0119
CSG-E00946,CSG-B0120
CSG-E00762,CSG-B0121
CSG-B0121,CSG-B0122
CSG-B0122,CSG-B0123
CSG-E02096,CSG-B0124
CSG-B0124,CSG-B0125
CSG-E00751,CSG-B0126
CSG-E00669,CSG-B0127
CSG-B0127,CSG-B0128
CSG-E01264,CSG-B0129
CSG-E01511,CSG-B0130
CSG-B0130,CSG-B0131
CSG-B0131,CSG-B0132
CSG-E01581,CSG-B0133
CSG-B0133,CSG-B0134
CSG-E00954,CSG-B0135
CSG-B0135,CSG-B0136
CSG-B0136,CSG-B0137
CSG-E00313,CSG-B0138
CSG-B0138,CSG-B0139
CSG-E00453,CSG-B0140
CSG-B0140,CSG-B0141
CSG-B0141,CSG-B0142
CSG-E00145,CSG-B0143
CSG-B0143,CSG-B0144
CSG-E00699,CSG-B0145
CSG-E02425,CSG-B0146
CSG-E01304,CSG-B0147
CSG-B0147,CSG-B0148
CSG-E02781,CSG-B0149
CSG-B0149,CSG-B0150
CSG-E02031,CSG-B0151
CSG-B0151,CSG-B0152
CSG-B0152,CSG-B0153
CSG-E02317,CSG-B0154
CSG-E00526,CSG-B0155
CSG-B0155,CSG-B0156
CSG-B0156,CSG-B0157
CSG-E01225,CSG-B0158
CSG-B0158,CSG-B0159
CSG-B0159,CSG-B0160
CSG-E02395,CSG-B0161
CSG-B0161,CSG-B0162
CSG-E01356,CSG-B0163
CSG-E00400,CSG-B0164
CSG-B0164,CSG-B0165
CSG-E01826,CSG-B0166
CSG-E02869,CSG-B0167
CSG-B0167,CSG-B0168
CSG-B0168,CSG-B0169
CSG-E02850,CSG-B0170
CSG-B0170,CSG-B0171
CSG-E02628,CSG-B0172
CSG-B0172,CSG-B0173
CSG-E02187,CSG-B0174
CSG-E00979,CSG-B0175
CSG-E00596,CSG-B0176
CSG-B0176,CSG-B0177
CSG-E01178,CSG-B0178
CSG-E00740,CSG-B0179
CSG-B0179,CSG-B0180
CSG-B0180,CSG-B0181
CSG-E01858,CSG-B0182
CSG-B0182,CSG-B0183
CSG-E01894,CSG-B0184
CSG-B0184,CSG-B0185
CSG-E02340,CSG-B0186
CSG-B0186,CSG-B0187
CSG-B0187,CSG-B0188
CSG-E02414,CSG-B0189
CSG-B0189,CSG-B0190
CSG-E01569,CSG-B0191
CSG-E01706,CSG-B0192
CSG-E02151,CSG-B0193
CSG-E00435,CSG-B0194
CSG-B0194,CSG-B0195
CSG-E00042,CSG-B0196
CSG-E02457,CSG-B0197
CSG-E00855,CSG-B0198
CSG-B0198,CSG-B0199
CSG-E02476,CSG-B0200
CSG-B0200,CSG-B0201
CSG-E00660,CSG-B0202
CSG-E01918,CSG-B0203
CSG-B0203,CSG-B0204
CSG-E00814,CSG-B0205
CSG-B0205,CSG-B0206
CSG-B0206,CSG-B0207
